tempoDoSistema,frameType,msgId,DLC,data0,data1,data2,data3,data4,data5,data6,data7
6961,standard,46,8,05,00,00,00,54,01,24,01
6992,standard,48,8,0A,0B,01,00,00,00,00,00
7018,standard,47,8,00,00,00,00,00,00,00,00
7042,standard,43,6,00,00,4E,00,8C,00,00,00
7065,standard,42,8,00,00,00,00,00,00,00,01
7089,standard,46,8,06,00,00,00,55,01,24,01
7112,standard,48,8,0A,0B,01,00,00,00,00,00
7138,standard,47,8,00,00,00,00,00,00,00,00
7162,standard,43,6,00,00,4E,00,8C,00,00,00
7185,standard,42,8,00,00,00,00,00,00,00,01
7209,standard,46,8,07,00,00,00,55,01,24,01
7243,standard,48,8,0A,0B,01,00,00,00,00,00
7279,standard,47,8,00,00,00,00,00,00,00,00
7303,standard,43,6,00,00,4E,00,8C,00,00,00
7326,standard,42,8,00,00,00,00,00,00,00,01
7350,standard,46,8,08,00,00,00,54,01,24,01
7373,standard,48,8,0A,0B,01,00,00,00,00,00
7397,standard,47,8,00,00,00,00,00,00,00,00
7423,standard,48,8,0A,0B,01,00,00,00,00,00
7446,standard,47,8,00,00,00,00,00,00,00,00
7470,standard,48,8,0A,0B,01,00,00,00,00,00
7493,standard,47,8,00,00,00,00,00,00,00,00
7517,standard,48,8,0A,0B,01,00,00,00,00,00
7540,standard,46,8,08,00,00,00,56,01,24,01
7564,standard,48,8,0A,0B,01,00,00,00,00,00
7587,standard,43,6,00,00,4E,00,8C,00,00,00
7610,standard,48,8,0A,0B,01,00,00,00,00,00
7634,standard,43,6,00,00,4E,00,8C,00,00,00
7660,standard,48,8,0A,0B,01,00,00,00,00,00
7683,standard,43,6,00,00,4E,00,8C,00,00,00
7707,standard,48,8,0A,0B,01,00,00,00,00,00
7730,standard,47,8,00,00,00,00,00,00,00,00
7754,standard,48,8,0A,0B,01,00,00,00,00,00
7777,standard,47,8,00,00,00,00,00,00,00,00
7800,standard,48,8,0A,0B,01,00,00,00,00,00
7824,standard,47,8,00,00,00,00,00,00,00,00
7847,standard,48,8,0A,0B,01,00,00,00,00,00
7871,standard,47,8,00,00,00,00,00,00,00,00
7894,standard,48,8,0A,0B,01,00,00,00,00,00
7920,standard,47,8,00,00,00,00,00,00,00,00
7943,standard,48,8,0A,0B,01,00,00,00,00,00
7967,standard,47,8,00,00,00,00,00,00,00,00
7990,standard,48,8,0A,0B,01,00,00,00,00,00
8014,standard,47,8,00,00,00,00,00,00,00,00
8037,standard,43,6,00,00,4E,00,8C,00,00,00
8061,standard,48,8,0A,0B,01,00,00,00,00,00
8084,standard,43,6,00,00,4E,00,8C,00,00,00
8108,standard,48,8,0A,0B,01,00,00,00,00,00
8131,standard,43,6,00,00,4E,00,8C,00,00,00
8157,standard,48,8,0A,0B,01,00,00,00,00,00
8180,standard,43,6,00,00,4E,00,8C,00,00,00
8204,standard,48,8,0A,0B,01,00,00,00,00,00
8227,standard,47,8,00,00,00,00,00,00,00,00
8251,standard,48,8,0A,0B,01,00,00,00,00,00
8274,standard,47,8,00,00,00,00,00,00,00,00
8297,standard,48,8,0A,0B,01,00,00,00,00,00
8321,standard,47,8,00,00,00,00,00,00,00,00
8344,standard,48,8,0A,0B,01,00,00,00,00,00
8368,standard,47,8,00,00,00,00,00,00,00,00
8391,standard,48,8,0A,0B,01,00,00,00,00,00
8413,standard,47,8,00,00,00,00,00,00,00,00
8437,standard,48,8,0A,0B,01,00,00,00,00,00
8460,standard,47,8,00,00,00,00,00,00,00,00
8484,standard,43,6,00,00,4E,00,8C,00,00,00
8507,standard,48,8,0A,0B,01,00,00,00,00,00
8530,standard,43,6,00,00,4E,00,8C,00,00,00
8554,standard,48,8,0A,0B,01,00,00,00,00,00
8577,standard,43,6,00,00,4E,00,8C,00,00,00
8601,standard,48,8,0A,0B,01,00,00,00,00,00
8624,standard,47,8,00,00,00,00,00,00,00,00
8650,standard,48,8,0A,0B,01,00,00,00,00,00
8673,standard,47,8,00,00,00,00,00,00,00,00
8697,standard,48,8,0A,0B,01,00,00,00,00,00
8720,standard,47,8,00,00,00,00,00,00,00,00
8744,standard,48,8,0A,0B,01,00,00,00,00,00
8767,standard,47,8,00,00,00,00,00,00,00,00
8790,standard,48,8,0A,0B,01,00,00,00,00,00
8814,standard,47,8,00,00,00,00,00,00,00,00
8837,standard,46,8,09,00,00,00,59,01,24,01
8861,standard,48,8,0A,0B,01,00,00,00,00,00
8887,standard,46,8,07,00,00,00,59,01,24,01
8910,standard,48,8,0A,0B,01,00,00,00,00,00
8934,standard,46,8,08,00,00,00,56,01,24,01
8957,standard,48,8,0A,0B,01,00,00,00,00,00
8980,standard,46,8,07,00,00,00,56,01,24,01
9004,standard,48,8,0A,0B,01,00,00,00,00,00
9027,standard,47,8,00,00,00,00,00,00,00,00
9051,standard,48,8,0A,0B,01,00,00,00,00,00
9074,standard,47,8,00,00,00,00,00,00,00,00
9098,standard,48,8,0A,0B,01,00,00,00,00,00
9121,standard,47,8,00,00,00,00,00,00,00,00
9147,standard,48,8,0A,0B,01,00,00,00,00,00
9171,standard,47,8,00,00,00,00,00,00,00,00
9194,standard,48,8,0A,0B,01,00,00,00,00,00
9218,standard,47,8,00,00,00,00,00,00,00,00
9241,standard,48,8,0A,0B,01,00,00,00,00,00
9264,standard,47,8,00,00,00,00,00,00,00,00
9288,standard,43,6,00,00,4E,00,8C,00,23,01
9311,standard,48,8,0A,0B,01,00,00,00,00,00
9335,standard,46,8,08,00,00,00,55,01,23,01
9358,standard,48,8,0A,0B,01,00,00,00,00,00
9384,standard,46,8,05,00,00,00,55,01,23,01
9408,standard,48,8,0A,0B,01,00,00,00,00,00
9431,standard,46,8,07,00,00,00,55,01,23,01
9454,standard,48,8,0A,0B,01,00,00,00,00,00
9478,standard,46,8,07,00,00,00,55,01,23,01
9501,standard,48,8,0A,0B,01,00,00,00,00,00
9525,standard,47,8,00,00,00,00,00,00,00,00
9548,standard,48,8,0A,0B,01,00,00,00,00,00
9571,standard,47,8,00,00,00,00,00,00,00,00
9595,standard,48,8,0A,0B,01,00,00,00,00,00
9626,standard,47,8,00,00,00,00,00,00,00,00
9668,standard,48,8,0A,0B,01,00,00,00,00,00
9691,standard,47,8,00,00,00,00,00,00,00,00
9715,standard,48,8,0A,0B,01,00,00,00,00,00
9738,standard,47,8,00,00,00,00,00,00,00,00
9761,standard,43,6,00,00,4E,00,8C,00,23,01
9785,standard,48,8,0A,0B,01,00,00,00,00,00
9808,standard,46,8,05,00,00,00,55,01,23,01
9832,standard,48,8,0A,0B,01,00,00,00,00,00
9855,standard,46,8,08,00,00,00,55,01,24,01
9879,standard,48,8,0A,0B,01,00,00,00,00,00
9905,standard,48,8,0A,0B,01,00,00,00,00,00
9928,standard,46,8,09,00,00,00,55,01,24,01
9951,standard,48,8,0A,0B,01,00,00,00,00,00
9975,standard,47,8,00,00,00,00,00,00,00,00
9998,standard,48,8,0A,0B,01,00,00,00,00,00
10022,standard,47,8,00,00,00,00,00,00,00,00
10053,standard,48,8,0A,0B,01,00,00,00,00,00
10092,standard,47,8,00,00,00,00,00,00,00,00
10115,standard,48,8,0A,0B,01,00,00,00,00,00
10139,standard,47,8,00,00,00,00,00,00,00,00
10162,standard,48,8,0A,0B,01,00,00,00,00,00
10188,standard,47,8,00,00,00,00,00,00,00,00
10211,standard,48,8,0A,0B,01,00,00,00,00,00
10235,standard,47,8,00,00,00,00,00,00,00,00
10258,standard,46,8,05,00,00,00,56,01,24,01
10282,standard,48,8,0A,0B,01,00,00,00,00,00
10305,standard,48,8,0A,0B,01,00,00,00,00,00
10329,standard,46,8,08,00,00,00,56,01,24,01
10352,standard,48,8,0A,0B,01,00,00,00,00,00
10376,standard,46,8,07,00,00,00,56,01,24,01
10399,standard,48,8,0A,0B,01,00,00,00,00,00
10425,standard,47,8,00,00,00,00,00,00,00,00
10448,standard,48,8,0A,0B,01,00,00,00,00,00
10472,standard,47,8,00,00,00,00,00,00,00,00
10495,standard,48,8,0A,0B,01,00,00,00,00,00
10519,standard,47,8,00,00,00,00,00,00,00,00
10542,standard,48,8,0A,0B,01,00,00,00,00,00
10566,standard,47,8,00,00,00,00,00,00,00,00
10589,standard,48,8,0A,0B,01,00,00,00,00,00
10613,standard,47,8,00,00,00,00,00,00,00,00
10636,standard,48,8,0A,0B,01,00,00,00,00,00
10662,standard,47,8,00,00,00,00,00,00,00,00
10685,standard,48,8,0A,0B,01,00,00,00,00,00
10709,standard,47,8,00,00,00,00,00,00,00,00
10732,standard,46,8,0C,00,00,00,55,01,23,01
10756,standard,48,8,0A,0B,01,00,00,00,00,00
10779,standard,46,8,06,00,00,00,55,01,23,01
10803,standard,48,8,0A,0B,01,00,00,00,00,00
10826,standard,46,8,09,00,00,00,56,01,23,01
10850,standard,48,8,0A,0B,01,00,00,00,00,00
10873,standard,47,8,00,00,00,00,00,00,00,00
10899,standard,48,8,0A,0B,01,00,00,00,00,00
10922,standard,47,8,00,00,00,00,00,00,00,00
10946,standard,48,8,0A,0B,01,00,00,00,00,00
10969,standard,47,8,00,00,00,00,00,00,00,00
10993,standard,48,8,0A,0B,01,00,00,00,00,00
11016,standard,47,8,00,00,00,00,00,00,00,00
11040,standard,48,8,0A,0B,01,00,00,00,00,00
11063,standard,47,8,00,00,00,00,00,00,00,00
11087,standard,48,8,0A,0B,01,00,00,00,00,00
11110,standard,47,8,00,00,00,00,00,00,00,00
11134,standard,48,8,0A,0B,01,00,00,00,00,00
11156,standard,47,8,00,00,00,00,00,00,00,00
11179,standard,46,8,07,00,00,00,56,01,23,01
11203,standard,48,8,0A,0B,01,00,00,00,00,00
11226,standard,46,8,08,00,00,00,56,01,23,01
11250,standard,48,8,0A,0B,01,00,00,00,00,00
11273,standard,46,8,08,00,00,00,56,01,23,01
11297,standard,48,8,0A,0B,01,00,00,00,00,00
11320,standard,46,8,07,00,00,00,56,01,23,01
11344,standard,48,8,0A,0B,01,00,00,00,00,00
11367,standard,47,8,00,00,00,00,00,00,00,00
11393,standard,48,8,0A,0B,01,00,00,00,00,00
11416,standard,47,8,00,00,00,00,00,00,00,00
11440,standard,48,8,0A,0B,01,00,00,00,00,00
11463,standard,47,8,00,00,00,00,00,00,00,00
11487,standard,48,8,0A,0B,01,00,00,00,00,00
11510,standard,47,8,00,00,00,00,00,00,00,00
11534,standard,48,8,0A,0B,01,00,00,00,00,00
11557,standard,47,8,00,00,00,00,00,00,00,00
11581,standard,46,8,07,00,00,00,55,01,23,01
11604,standard,48,8,0A,0B,01,00,00,00,00,00
11630,standard,46,8,05,00,00,00,55,01,23,01
11654,standard,48,8,0A,0B,01,00,00,00,00,00
11677,standard,46,8,08,00,00,00,55,01,23,01
11700,standard,48,8,0A,0B,01,00,00,00,00,00
11724,standard,46,8,07,00,00,00,55,01,23,01
11747,standard,48,8,0A,0B,01,00,00,00,00,00
11771,standard,47,8,00,00,00,00,00,00,00,00
11794,standard,48,8,0A,0B,01,00,00,00,00,00
11818,standard,47,8,00,00,00,00,00,00,00,00
11841,standard,48,8,0A,0B,01,00,00,00,00,00
11867,standard,47,8,00,00,00,00,00,00,00,00
11891,standard,48,8,0A,0B,01,00,00,00,00,00
11914,standard,47,8,00,00,00,00,00,00,00,00
11938,standard,48,8,0A,0B,01,00,00,00,00,00
11961,standard,47,8,00,00,00,00,00,00,00,00
11985,standard,48,8,0A,0B,01,00,00,00,00,00
12008,standard,47,8,00,00,00,00,00,00,00,00
12031,standard,46,8,07,00,00,00,56,01,23,01
12055,standard,48,8,0A,0B,01,00,00,00,00,00
12078,standard,46,8,06,00,00,00,56,01,23,01
12104,standard,48,8,0A,0B,01,00,00,00,00,00
12128,standard,46,8,06,00,00,00,55,01,23,01
12151,standard,48,8,0A,0B,01,00,00,00,00,00
12175,standard,46,8,04,00,00,00,55,01,23,01
12198,standard,48,8,0A,0B,01,00,00,00,00,00
12222,standard,46,8,07,00,00,00,55,01,23,01
12245,standard,48,8,0A,0B,01,00,00,00,00,00
12269,standard,47,8,00,00,00,00,00,00,00,00
12292,standard,48,8,0A,0B,01,00,00,00,00,00
12315,standard,47,8,00,00,00,00,00,00,00,00
12339,standard,48,8,0A,0B,01,00,00,00,00,00
12365,standard,47,8,00,00,00,00,00,00,00,00
12389,standard,48,8,0A,0B,01,00,00,00,00,00
12412,standard,47,8,00,00,00,00,00,00,00,00
12435,standard,48,8,0A,0B,01,00,00,00,00,00
12459,standard,47,8,00,00,00,00,00,00,00,00
12483,standard,48,8,0A,0B,01,00,00,00,00,00
12506,standard,47,8,00,00,00,00,00,00,00,00
12529,standard,46,8,08,00,00,00,56,01,23,01
12553,standard,48,8,0A,0B,01,00,00,00,00,00
12577,standard,46,8,05,00,00,00,56,01,23,01
12610,standard,48,8,0A,0B,01,00,00,00,00,00
12645,standard,46,8,07,00,00,00,54,01,23,01
12668,standard,48,8,0A,0B,01,00,00,00,00,00
12692,standard,46,8,07,00,00,00,54,01,23,01
12715,standard,48,8,0A,0B,01,00,00,00,00,00
12739,standard,47,8,00,00,00,00,00,00,00,00
12762,standard,48,8,0A,0B,01,00,00,00,00,00
12786,standard,47,8,00,00,00,00,00,00,00,00
12809,standard,48,8,0A,0B,01,00,00,00,00,00
12833,standard,47,8,00,00,00,00,00,00,00,00
12882,standard,48,8,0A,0B,01,00,00,00,00,00
12905,standard,48,8,0A,0B,01,00,00,00,00,00
12929,standard,47,8,00,00,00,00,00,00,00,00
12952,standard,46,8,07,00,00,00,54,01,22,01
12976,standard,48,8,0A,0B,01,00,00,00,00,00
12999,standard,46,8,07,00,00,00,54,01,22,01
13022,standard,48,8,0A,0B,01,00,00,00,00,00
13046,standard,46,8,09,00,00,00,54,01,22,01
13069,standard,48,8,0A,0B,01,00,00,00,00,00
13093,standard,46,8,07,00,00,00,54,01,22,01
13119,standard,47,8,00,00,00,00,00,00,00,00
13142,standard,48,8,0A,0B,01,00,00,00,00,00
13166,standard,47,8,00,00,00,00,00,00,00,00
13189,standard,48,8,0A,0B,01,00,00,00,00,00
13212,standard,47,8,00,00,00,00,00,00,00,00
13236,standard,48,8,0A,0B,01,00,00,00,00,00
13259,standard,47,8,00,00,00,00,00,00,00,00
13283,standard,48,8,0A,0B,01,00,00,00,00,00
13306,standard,47,8,00,00,00,00,00,00,00,00
13330,standard,48,8,0A,0B,01,00,00,00,00,00
13353,standard,47,8,00,00,00,00,00,00,00,00
13379,standard,48,8,0A,0B,01,00,00,00,00,00
13402,standard,47,8,00,00,00,00,00,00,00,00
13426,standard,46,8,09,00,00,00,56,01,22,01
13449,standard,48,8,0A,0B,01,00,00,00,00,00
13473,standard,46,8,08,00,00,00,56,01,22,01
13496,standard,48,8,0A,0B,01,00,00,00,00,00
13520,standard,46,8,08,00,00,00,56,01,22,01
13543,standard,48,8,0A,0B,01,00,00,00,00,00
13566,standard,47,8,00,00,00,00,00,00,00,00
13590,standard,48,8,0A,0B,01,00,00,00,00,00
13616,standard,47,8,00,00,00,00,00,00,00,00
13639,standard,48,8,0A,0B,01,00,00,00,00,00
13663,standard,47,8,00,00,00,00,00,00,00,00
13686,standard,48,8,0A,0B,01,00,00,00,00,00
13710,standard,47,8,00,00,00,00,00,00,00,00
13733,standard,48,8,0A,0B,01,00,00,00,00,00
13757,standard,47,8,00,00,00,00,00,00,00,00
13780,standard,48,8,0A,0B,01,00,00,00,00,00
13804,standard,47,8,00,00,00,00,00,00,00,00
13827,standard,46,8,07,00,00,00,56,01,22,01
13853,standard,48,8,0A,0B,01,00,00,00,00,00
13876,standard,46,8,0A,00,00,00,56,01,22,01
13900,standard,48,8,0A,0B,01,00,00,00,00,00
13923,standard,46,8,06,00,00,00,56,01,22,01
13947,standard,48,8,0A,0B,01,00,00,00,00,00
13970,standard,46,8,06,00,00,00,56,01,22,01
13994,standard,48,8,0A,0B,01,00,00,00,00,00
14017,standard,46,8,07,00,00,00,56,01,22,01
14041,standard,48,8,0A,0B,01,00,00,00,00,00
14064,standard,47,8,00,00,00,00,00,00,00,00
14090,standard,48,8,0A,0B,01,00,00,00,00,00
14113,standard,47,8,00,00,00,00,00,00,00,00
14137,standard,48,8,0A,0B,01,00,00,00,00,00
14160,standard,47,8,00,00,00,00,00,00,00,00
14184,standard,48,8,0A,0B,01,00,00,00,00,00
14207,standard,47,8,00,00,00,00,00,00,00,00
14230,standard,48,8,0A,0B,01,00,00,00,00,00
14254,standard,47,8,00,00,00,00,00,00,00,00
14277,standard,48,8,0A,0B,01,00,00,00,00,00
14301,standard,47,8,00,00,00,00,00,00,00,00
14324,standard,48,8,0A,0B,01,00,00,00,00,00
14350,standard,47,8,00,00,00,00,00,00,00,00
14373,standard,46,8,07,00,00,00,59,01,22,01
14397,standard,48,8,0A,0B,01,00,00,00,00,00
14420,standard,46,8,06,00,00,00,5B,01,22,01
14444,standard,48,8,0A,0B,01,00,00,00,00,00
14467,standard,46,8,06,00,00,00,5B,01,22,01
14491,standard,48,8,0A,0B,01,00,00,00,00,00
14514,standard,47,8,00,00,00,00,00,00,00,00
14538,standard,48,8,0A,0B,01,00,00,00,00,00
14561,standard,47,8,00,00,00,00,00,00,00,00
14587,standard,48,8,0A,0B,01,00,00,00,00,00
14610,standard,47,8,00,00,00,00,00,00,00,00
14634,standard,48,8,0A,0B,01,00,00,00,00,00
14657,standard,47,8,00,00,00,00,00,00,00,00
14681,standard,48,8,0A,0B,01,00,00,00,00,00
14704,standard,47,8,00,00,00,00,00,00,00,00
14728,standard,48,8,0A,0B,01,00,00,00,00,00
14751,standard,47,8,00,00,00,00,00,00,00,00
14775,standard,46,8,06,00,00,00,58,01,22,01
14798,standard,48,8,0A,0B,01,00,00,00,00,00
14829,standard,46,8,07,00,00,00,58,01,22,01
14853,standard,48,8,0A,0B,01,00,00,00,00,00
14876,standard,46,8,05,00,00,00,58,01,22,01
14900,standard,48,8,0A,0B,01,00,00,00,00,00
14923,standard,46,8,07,00,00,00,59,01,22,01
14946,standard,48,8,0A,0B,01,00,00,00,00,00
14970,standard,46,8,07,00,00,00,59,01,22,01
14993,standard,48,8,0A,0B,01,00,00,00,00,00
15017,standard,47,8,00,00,00,00,00,00,00,00
15040,standard,48,8,0A,0B,01,00,00,00,00,00
15066,standard,46,8,08,00,00,00,59,01,23,01
15090,standard,48,8,0A,0B,01,00,00,00,00,00
15113,standard,47,8,00,00,00,00,00,00,00,00
15137,standard,48,8,0A,0B,01,00,00,00,00,00
15160,standard,47,8,00,00,00,00,00,00,00,00
15183,standard,48,8,0A,0B,01,00,00,00,00,00
15207,standard,47,8,00,00,00,00,00,00,00,00
15230,standard,48,8,0A,0B,01,00,00,00,00,00
15254,standard,47,8,00,00,00,00,00,00,00,00
15277,standard,48,8,0A,0B,01,00,00,00,00,00
15301,standard,47,8,00,00,00,00,00,00,00,00
15327,standard,48,8,0A,0B,01,00,00,00,00,00
15350,standard,47,8,00,00,00,00,00,00,00,00
15373,standard,48,8,0A,0B,01,00,00,00,00,00
15397,standard,47,8,00,00,00,00,00,00,00,00
15420,standard,46,8,09,00,00,00,58,01,23,01
15444,standard,48,8,0A,0B,01,00,00,00,00,00
15467,standard,46,8,08,00,00,00,58,01,23,01
15491,standard,48,8,0A,0B,01,00,00,00,00,00
15514,standard,46,8,08,00,00,00,58,01,23,01
15538,standard,48,8,0A,0B,01,00,00,00,00,00
15563,standard,46,8,06,00,00,00,58,01,23,01
15587,standard,48,8,0A,0B,01,00,00,00,00,00
15610,standard,47,8,00,00,00,00,00,00,00,00
15646,standard,48,8,0A,0B,01,00,00,00,00,00
15691,standard,47,8,00,00,00,00,00,00,00,00
15722,standard,48,8,0A,0B,01,00,00,00,00,00
15746,standard,47,8,00,00,00,00,00,00,00,00
15769,standard,48,8,0A,0B,01,00,00,00,00,00
15793,standard,47,8,00,00,00,00,00,00,00,00
15816,standard,48,8,0A,0B,01,00,00,00,00,00
15842,standard,47,8,00,00,00,00,00,00,00,00
15866,standard,48,8,0A,0B,01,00,00,00,00,00
15889,standard,47,8,00,00,00,00,00,00,00,00
15912,standard,48,8,0A,0B,01,00,00,00,00,00
15936,standard,48,8,0A,0B,01,00,00,00,00,00
15959,standard,47,8,00,00,00,00,00,00,00,00
15983,standard,48,8,0A,0B,01,00,00,00,00,00
16006,standard,47,8,00,00,00,00,00,00,00,00
16030,standard,48,8,0A,0B,01,00,00,00,00,00
16053,standard,47,8,00,00,00,00,00,00,00,00
16079,standard,48,8,0A,0B,01,00,00,00,00,00
16102,standard,47,8,00,00,00,00,00,00,00,00
16126,standard,48,8,0A,0B,01,00,00,00,00,00
16149,standard,47,8,00,00,00,00,00,00,00,00
16173,standard,48,8,0A,0B,01,00,00,00,00,00
16196,standard,47,8,00,00,00,00,00,00,00,00
16220,standard,46,8,08,00,00,00,56,01,23,01
16243,standard,48,8,0A,0B,01,00,00,00,00,00
16267,standard,46,8,07,00,00,00,56,01,23,01
16290,standard,48,8,0A,0B,01,00,00,00,00,00
16313,standard,46,8,06,00,00,00,56,01,23,01
16340,standard,48,8,0A,0B,01,00,00,00,00,00
16363,standard,46,8,08,00,00,00,56,01,23,01
16387,standard,48,8,0A,0B,01,00,00,00,00,00
16410,standard,47,8,00,00,00,00,00,00,00,00
16433,standard,48,8,0A,0B,01,00,00,00,00,00
16457,standard,47,8,00,00,00,00,00,00,00,00
16481,standard,48,8,0A,0B,01,00,00,00,00,00
16504,standard,47,8,00,00,00,00,00,00,00,00
16528,standard,48,8,0A,0B,01,00,00,00,00,00
16551,standard,43,6,00,00,00,00,00,00,00,00
16577,standard,48,8,0A,0B,01,00,00,00,00,00
16601,standard,43,6,00,00,00,00,00,00,00,00
16624,standard,48,8,0A,0B,01,00,00,00,00,00
16648,standard,43,6,00,00,00,00,00,00,00,00
16671,standard,46,8,08,00,00,00,56,01,23,01
16694,standard,48,8,0A,0B,01,00,00,00,00,00
16718,standard,46,8,08,00,00,00,58,01,23,01
16741,standard,48,8,0A,0B,01,00,00,00,00,00
16765,standard,46,8,06,00,00,00,58,01,23,01
16788,standard,48,8,0A,0B,01,00,00,00,00,00
16814,standard,46,8,09,00,00,00,58,01,23,01
16838,standard,48,8,0A,0B,01,00,00,00,00,00
16861,standard,46,8,07,00,00,00,58,01,23,01
16884,standard,48,8,0A,0B,01,00,00,00,00,00
16908,standard,47,8,00,00,00,00,00,00,00,00
16931,standard,48,8,0A,0B,01,00,00,00,00,00
16955,standard,47,8,00,00,00,00,00,00,00,00
16978,standard,48,8,0A,0B,01,00,00,00,00,00
17002,standard,47,8,00,00,00,00,00,00,00,00
17025,standard,48,8,0A,0B,01,00,00,00,00,00
17051,standard,47,8,00,00,00,00,00,00,00,00
17074,standard,48,8,0A,0B,01,00,00,00,00,00
17098,standard,47,8,00,00,00,00,00,00,00,00
17121,standard,48,8,0A,0B,01,00,00,00,00,00
17145,standard,47,8,00,00,00,00,00,00,00,00
17168,standard,46,8,07,00,00,00,58,01,23,01
17192,standard,48,8,0A,0B,01,00,00,00,00,00
17215,standard,46,8,07,00,00,00,58,01,23,01
17239,standard,48,8,0A,0B,01,00,00,00,00,00
17262,standard,46,8,08,00,00,00,58,01,23,01
17286,standard,48,8,0A,0B,01,00,00,00,00,00
17308,standard,46,8,06,00,00,00,58,01,22,01
17331,standard,48,8,0A,0B,01,00,00,00,00,00
17355,standard,47,8,00,00,00,00,00,00,00,00
17378,standard,48,8,0A,0B,01,00,00,00,00,00
17401,standard,47,8,00,00,00,00,00,00,00,00
17425,standard,48,8,0A,0B,01,00,00,00,00,00
17448,standard,47,8,00,00,00,00,00,00,00,00
17472,standard,48,8,0A,0B,01,00,00,00,00,00
17495,standard,47,8,00,00,00,00,00,00,00,00
17519,standard,48,8,0A,0B,01,00,00,00,00,00
17545,standard,47,8,00,00,00,00,00,00,00,00
17568,standard,48,8,0A,0B,01,00,00,00,00,00
17591,standard,47,8,00,00,00,00,00,00,00,00
17615,standard,46,8,0A,00,00,00,58,01,22,01
17638,standard,48,8,0A,0B,01,00,00,00,00,00
17662,standard,46,8,09,00,00,00,58,01,22,01
17685,standard,48,8,0A,0B,01,00,00,00,00,00
17709,standard,46,8,07,00,00,00,58,01,22,01
17732,standard,48,8,0A,0B,01,00,00,00,00,00
17756,standard,47,8,00,00,00,00,00,00,00,00
17781,standard,48,8,0A,0B,01,00,00,00,00,00
17805,standard,47,8,00,00,00,00,00,00,00,00
17828,standard,48,8,0A,0B,01,00,00,00,00,00
17852,standard,47,8,00,00,00,00,00,00,00,00
17875,standard,48,8,0A,0B,01,00,00,00,00,00
17899,standard,47,8,00,00,00,00,00,00,00,00
17922,standard,48,8,0A,0B,01,00,00,00,00,00
17945,standard,47,8,00,00,00,00,00,00,00,00
17969,standard,48,8,0A,0B,01,00,00,00,00,00
17992,standard,47,8,00,00,00,00,00,00,00,00
18018,standard,48,8,0A,0B,01,00,00,00,00,00
18042,standard,47,8,00,00,00,00,00,00,00,00
18065,standard,46,8,09,00,00,00,56,01,22,01
18089,standard,48,8,0A,0B,01,00,00,00,00,00
18112,standard,46,8,07,00,00,00,56,01,22,01
18135,standard,48,8,0A,0B,01,00,00,00,00,00
18159,standard,46,8,07,00,00,00,56,01,22,01
18182,standard,48,8,0A,0B,01,00,00,00,00,00
18206,standard,47,8,00,00,00,00,00,00,00,00
18229,standard,48,8,0A,0B,01,00,00,00,00,00
18255,standard,47,8,00,00,00,00,00,00,00,00
18278,standard,48,8,0A,0B,01,00,00,00,00,00
18302,standard,47,8,00,00,00,00,00,00,00,00
18325,standard,48,8,0A,0B,01,00,00,00,00,00
18349,standard,47,8,00,00,00,00,00,00,00,00
18372,standard,48,8,0A,0B,01,00,00,00,00,00
18396,standard,47,8,00,00,00,00,00,00,00,00
18419,standard,48,8,0A,0B,01,00,00,00,00,00
18451,standard,47,8,00,00,00,00,00,00,00,00
18489,standard,48,8,0A,0B,01,00,00,00,00,00
18513,standard,47,8,00,00,00,00,00,00,00,00
18538,standard,46,8,09,00,00,00,56,01,22,01
18562,standard,48,8,0A,0B,01,00,00,00,00,00
18585,standard,46,8,06,00,00,00,56,01,22,01
18609,standard,48,8,0A,0B,01,00,00,00,00,00
18632,standard,46,8,07,00,00,00,56,01,22,01
18656,standard,48,8,0A,0B,01,00,00,00,00,00
18679,standard,46,8,07,00,00,00,56,01,22,01
18703,standard,48,8,0A,0B,01,00,00,00,00,00
18734,standard,48,8,0A,0B,01,00,00,00,00,00
18765,standard,47,8,00,00,00,00,00,00,00,00
18792,standard,48,8,0A,0B,01,00,00,00,00,00
18815,standard,47,8,00,00,00,00,00,00,00,00
18839,standard,48,8,0A,0B,01,00,00,00,00,00
18862,standard,47,8,00,00,00,00,00,00,00,00
18886,standard,48,8,0A,0B,01,00,00,00,00,00
18909,standard,47,8,00,00,00,00,00,00,00,00
18933,standard,48,8,0A,0B,01,00,00,00,00,00
18956,standard,47,8,00,00,00,00,00,00,00,00
18979,standard,48,8,0A,0B,01,00,00,00,00,00
19003,standard,47,8,00,00,00,00,00,00,00,00
19029,standard,48,8,0A,0B,01,00,00,00,00,00
19052,standard,47,8,00,00,00,00,00,00,00,00
19075,standard,48,8,0A,0B,01,00,00,00,00,00
19099,standard,47,8,00,00,00,00,00,00,00,00
19122,standard,48,8,0A,0B,01,00,00,00,00,00
19146,standard,47,8,00,00,00,00,00,00,00,00
19169,standard,48,8,0A,0B,01,00,00,00,00,00
19192,standard,47,8,00,00,00,00,00,00,00,00
19216,standard,48,8,0A,0B,01,00,00,00,00,00
19239,standard,47,8,00,00,00,00,00,00,00,00
19265,standard,48,8,0A,0B,01,00,00,00,00,00
19289,standard,47,8,00,00,00,00,00,00,00,00
19312,standard,46,8,06,00,00,00,56,01,22,01
19335,standard,48,8,0A,0B,01,00,00,00,00,00
19359,standard,46,8,09,00,00,00,56,01,22,01
19382,standard,48,8,0A,0B,01,00,00,00,00,00
19406,standard,46,8,08,00,00,00,56,01,22,01
19429,standard,48,8,0A,0B,01,00,00,00,00,00
19453,standard,47,8,00,00,00,00,00,00,00,00
19476,standard,48,8,0A,0B,01,00,00,00,00,00
19499,standard,47,8,00,00,00,00,00,00,00,00
19525,standard,48,8,0A,0B,01,00,00,00,00,00
19549,standard,47,8,00,00,00,00,00,00,00,00
19572,standard,48,8,0A,0B,01,00,00,00,00,00
19596,standard,47,8,00,00,00,00,00,00,00,00
19619,standard,48,8,0A,0B,01,00,00,00,00,00
19643,standard,47,8,00,00,00,00,00,00,00,00
19666,standard,48,8,0A,0B,01,00,00,00,00,00
19689,standard,47,8,00,00,00,00,00,00,00,00
19713,standard,48,8,0A,0B,01,00,00,00,00,00
19736,standard,47,8,00,00,00,00,00,00,00,00
19762,standard,46,8,07,00,00,00,56,01,22,01
19786,standard,48,8,0A,0B,01,00,00,00,00,00
19809,standard,46,8,05,00,00,00,56,01,22,01
19833,standard,48,8,0A,0B,01,00,00,00,00,00
19856,standard,46,8,07,00,00,00,56,01,22,01
19879,standard,48,8,0A,0B,01,00,00,00,00,00
19903,standard,46,8,07,00,00,00,56,01,22,01
19926,standard,48,8,0A,0B,01,00,00,00,00,00
19950,standard,47,8,00,00,00,00,00,00,00,00
19973,standard,48,8,0A,0B,01,00,00,00,00,00
19999,standard,47,8,00,00,00,00,00,00,00,00
20023,standard,48,8,0A,0B,01,00,00,00,00,00
20046,standard,47,8,00,00,00,00,00,00,00,00
20069,standard,48,8,0A,0B,01,00,00,00,00,00
20093,standard,47,8,00,00,00,00,00,00,00,00
20116,standard,48,8,0A,0B,01,00,00,00,00,00
20140,standard,47,8,00,00,00,00,00,00,00,00
20163,standard,48,8,0A,0B,01,00,00,00,00,00
20187,standard,47,8,00,00,00,00,00,00,00,00
20210,standard,46,8,07,00,00,00,56,01,1F,01
20236,standard,48,8,0A,0B,01,00,00,00,00,00
20259,standard,46,8,07,00,00,00,56,01,1F,01
20283,standard,48,8,0A,0B,01,00,00,00,00,00
20306,standard,46,8,05,00,00,00,56,01,1F,01
20330,standard,48,8,0A,0B,01,00,00,00,00,00
20353,standard,46,8,09,00,00,00,56,01,1F,01
20376,standard,48,8,0A,0B,01,00,00,00,00,00
20400,standard,47,8,00,00,00,00,00,00,00,00
20423,standard,48,8,0A,0B,01,00,00,00,00,00
20447,standard,47,8,00,00,00,00,00,00,00,00
20470,standard,48,8,0A,0B,01,00,00,00,00,00
20496,standard,47,8,00,00,00,00,00,00,00,00
20520,standard,48,8,0A,0B,01,00,00,00,00,00
20543,standard,47,8,00,00,00,00,00,00,00,00
20567,standard,48,8,0A,0B,01,00,00,00,00,00
20590,standard,47,8,00,00,00,00,00,00,00,00
20613,standard,48,8,0A,0B,01,00,00,00,00,00
20637,standard,47,8,00,00,00,00,00,00,00,00
20660,standard,46,8,06,00,00,00,56,01,1F,01
20684,standard,48,8,0A,0B,01,00,00,00,00,00
20707,standard,46,8,08,00,00,00,56,01,1F,01
20733,standard,48,8,0A,0B,01,00,00,00,00,00
20757,standard,46,8,06,00,00,00,56,01,1F,01
20780,standard,48,8,0A,0B,01,00,00,00,00,00
20803,standard,46,8,08,00,00,00,56,01,1E,01
20827,standard,48,8,0A,0B,01,00,00,00,00,00
20850,standard,46,8,06,00,00,00,56,01,1E,01
20874,standard,48,8,0A,0B,01,00,00,00,00,00
20897,standard,47,8,00,00,00,00,00,00,00,00
20921,standard,48,8,0A,0B,01,00,00,00,00,00
20944,standard,47,8,00,00,00,00,00,00,00,00
20970,standard,48,8,0A,0B,01,00,00,00,00,00
20993,standard,47,8,00,00,00,00,00,00,00,00
21017,standard,48,8,0A,0B,01,00,00,00,00,00
21040,standard,47,8,00,00,00,00,00,00,00,00
21064,standard,48,8,0A,0B,01,00,00,00,00,00
21087,standard,47,8,00,00,00,00,00,00,00,00
21111,standard,48,8,0A,0B,01,00,00,00,00,00
21134,standard,47,8,00,00,00,00,00,00,00,00
21158,standard,46,8,09,00,00,00,56,01,1E,01
21181,standard,48,8,0A,0B,01,00,00,00,00,00
21216,standard,46,8,0A,00,00,00,56,01,1E,01
21254,standard,48,8,0A,0B,01,00,00,00,00,00
21277,standard,46,8,07,00,00,00,56,01,1E,01
21301,standard,48,8,0A,0B,01,00,00,00,00,00
21324,standard,46,8,07,00,00,00,56,01,1E,01
21347,standard,48,8,0A,0B,01,00,00,00,00,00
21371,standard,47,8,00,00,00,00,00,00,00,00
21394,standard,48,8,0A,0B,01,00,00,00,00,00
21418,standard,47,8,00,00,00,00,00,00,00,00
21441,standard,48,8,0A,0B,01,00,00,00,00,00
21465,standard,46,8,08,00,00,00,56,01,1E,01
21491,standard,47,8,00,00,00,00,00,00,00,00
21514,standard,48,8,0A,0B,01,00,00,00,00,00
21538,standard,47,8,00,00,00,00,00,00,00,00
21561,standard,48,8,0A,0B,01,00,00,00,00,00
21585,standard,47,8,00,00,00,00,00,00,00,00
21608,standard,46,8,08,00,00,00,56,01,1E,01
21632,standard,48,8,0A,0B,01,00,00,00,00,00
21655,standard,46,8,08,00,00,00,56,01,1E,01
21678,standard,48,8,0A,0B,01,00,00,00,00,00
21702,standard,46,8,08,00,00,00,56,01,1F,01
21728,standard,48,8,0A,0B,01,00,00,00,00,00
21751,standard,46,8,07,00,00,00,56,01,1F,01
21783,standard,48,8,0A,0B,01,00,00,00,00,00
21814,standard,46,8,08,00,00,00,56,01,1F,01
21838,standard,48,8,0A,0B,01,00,00,00,00,00
21862,standard,47,8,00,00,00,00,00,00,00,00
21885,standard,48,8,0A,0B,01,00,00,00,00,00
21909,standard,47,8,00,00,00,00,00,00,00,00
21932,standard,48,8,0A,0B,01,00,00,00,00,00
21955,standard,47,8,00,00,00,00,00,00,00,00
21981,standard,48,8,0A,0B,01,00,00,00,00,00
22005,standard,47,8,00,00,00,00,00,00,00,00
22028,standard,48,8,0A,0B,01,00,00,00,00,00
22052,standard,46,8,07,00,00,00,56,01,21,01
22075,standard,48,8,0A,0B,01,00,00,00,00,00
22098,standard,46,8,06,00,00,00,56,01,21,01
22122,standard,48,8,0A,0B,01,00,00,00,00,00
22145,standard,47,8,00,00,00,00,00,00,00,00
22169,standard,48,8,0A,0B,01,00,00,00,00,00
22192,standard,47,8,00,00,00,00,00,00,00,00
22218,standard,48,8,0A,0B,01,00,00,00,00,00
22242,standard,47,8,00,00,00,00,00,00,00,00
22265,standard,48,8,0A,0B,01,00,00,00,00,00
22289,standard,47,8,00,00,00,00,00,00,00,00
22312,standard,48,8,0A,0B,01,00,00,00,00,00
22336,standard,47,8,00,00,00,00,00,00,00,00
22359,standard,48,8,0A,0B,01,00,00,00,00,00
22383,standard,47,8,00,00,00,00,00,00,00,00
22406,standard,46,8,08,00,00,00,56,01,22,01
22430,standard,48,8,0A,0B,01,00,00,00,00,00
22453,standard,46,8,08,00,00,00,56,01,22,01
22479,standard,48,8,0A,0B,01,00,00,00,00,00
22502,standard,46,8,06,00,00,00,55,01,22,01
22526,standard,48,8,0A,0B,01,00,00,00,00,00
22549,standard,46,8,06,00,00,00,55,01,22,01
22573,standard,48,8,0A,0B,01,00,00,00,00,00
22596,standard,46,8,08,00,00,00,55,01,22,01
22620,standard,48,8,0A,0B,01,00,00,00,00,00
22643,standard,47,8,00,00,00,00,00,00,00,00
22666,standard,48,8,0A,0B,01,00,00,00,00,00
22690,standard,47,8,00,00,00,00,00,00,00,00
22719,standard,48,8,0A,0B,01,00,00,00,00,00
22743,standard,47,8,00,00,00,00,00,00,00,00
22766,standard,48,8,0A,0B,01,00,00,00,00,00
22790,standard,47,8,00,00,00,00,00,00,00,00
22813,standard,48,8,0A,0B,01,00,00,00,00,00
22837,standard,47,8,00,00,00,00,00,00,00,00
22860,standard,48,8,0A,0B,01,00,00,00,00,00
22884,standard,47,8,00,00,00,00,00,00,00,00
22907,standard,46,8,08,00,00,00,56,01,22,01
22931,standard,48,8,0A,0B,01,00,00,00,00,00
22957,standard,48,8,0A,0B,01,00,00,00,00,00
22980,standard,47,8,00,00,00,00,00,00,00,00
23004,standard,46,8,07,00,00,00,56,01,22,01
23027,standard,48,8,0A,0B,01,00,00,00,00,00
23051,standard,46,8,08,00,00,00,56,01,22,01
23074,standard,48,8,0A,0B,01,00,00,00,00,00
23098,standard,46,8,07,00,00,00,58,01,22,01
23121,standard,48,8,0A,0B,01,00,00,00,00,00
23144,standard,46,8,08,00,00,00,58,01,22,01
23168,standard,48,8,0A,0B,01,00,00,00,00,00
23194,standard,47,8,00,00,00,00,00,00,00,00
23218,standard,48,8,0A,0B,01,00,00,00,00,00
23241,standard,47,8,00,00,00,00,00,00,00,00
23265,standard,48,8,0A,0B,01,00,00,00,00,00
23288,standard,47,8,00,00,00,00,00,00,00,00
23312,standard,48,8,0A,0B,01,00,00,00,00,00
23335,standard,47,8,00,00,00,00,00,00,00,00
23358,standard,48,8,0A,0B,01,00,00,00,00,00
23382,standard,47,8,00,00,00,00,00,00,00,00
23405,standard,48,8,0A,0B,01,00,00,00,00,00
23429,standard,47,8,00,00,00,00,00,00,00,00
23451,standard,48,8,0A,0B,01,00,00,00,00,00
23474,standard,47,8,00,00,00,00,00,00,00,00
23498,standard,46,8,07,00,00,00,58,01,21,01
23521,standard,48,8,0A,0B,01,00,00,00,00,00
23544,standard,46,8,08,00,00,00,58,01,21,01
23568,standard,48,8,0A,0B,01,00,00,00,00,00
23591,standard,46,8,07,00,00,00,58,01,21,01
23615,standard,48,8,0A,0B,01,00,00,00,00,00
23638,standard,47,8,00,00,00,00,00,00,00,00
23662,standard,48,8,0A,0B,01,00,00,00,00,00
23687,standard,47,8,00,00,00,00,00,00,00,00
23711,standard,48,8,0A,0B,01,00,00,00,00,00
23734,standard,47,8,00,00,00,00,00,00,00,00
23758,standard,48,8,0A,0B,01,00,00,00,00,00
23781,standard,47,8,00,00,00,00,00,00,00,00
23805,standard,48,8,0A,0B,01,00,00,00,00,00
23828,standard,47,8,00,00,00,00,00,00,00,00
23852,standard,46,8,06,00,00,00,58,01,21,01
23875,standard,48,8,0A,0B,01,00,00,00,00,00
23899,standard,46,8,08,00,00,00,58,01,21,01
23925,standard,48,8,0A,0B,01,00,00,00,00,00
23948,standard,46,8,07,00,00,00,58,01,21,01
23971,standard,48,8,0A,0B,01,00,00,00,00,00
23995,standard,46,8,0A,00,00,00,58,01,21,01
24018,standard,48,8,0A,0B,01,00,00,00,00,00
24053,standard,46,8,06,00,00,00,58,01,21,01
24092,standard,48,8,0A,0B,01,00,00,00,00,00
24115,standard,47,8,00,00,00,00,00,00,00,00
24138,standard,48,8,0A,0B,01,00,00,00,00,00
24162,standard,47,8,00,00,00,00,00,00,00,00
24188,standard,48,8,0A,0B,01,00,00,00,00,00
24211,standard,47,8,00,00,00,00,00,00,00,00
24235,standard,48,8,0A,0B,01,00,00,00,00,00
24258,standard,47,8,00,00,00,00,00,00,00,00
24281,standard,48,8,0A,0B,01,00,00,00,00,00
24305,standard,47,8,00,00,00,00,00,00,00,00
24328,standard,48,8,0A,0B,01,00,00,00,00,00
24352,standard,48,8,0A,0B,01,00,00,00,00,00
24375,standard,47,8,00,00,00,00,00,00,00,00
24399,standard,46,8,07,00,00,00,58,01,21,01
24424,standard,48,8,0A,0B,01,00,00,00,00,00
24448,standard,46,8,07,00,00,00,58,01,21,01
24471,standard,48,8,0A,0B,01,00,00,00,00,00
24495,standard,46,8,08,00,00,00,58,01,21,01
24518,standard,48,8,0A,0B,01,00,00,00,00,00
24542,standard,46,8,06,00,00,00,58,01,21,01
24565,standard,48,8,0A,0B,01,00,00,00,00,00
24589,standard,47,8,00,00,00,00,00,00,00,00
24612,standard,48,8,0A,0B,01,00,00,00,00,00
24635,standard,47,8,00,00,00,00,00,00,00,00
24659,standard,48,8,0A,0B,01,00,00,00,00,00
24685,standard,47,8,00,00,00,00,00,00,00,00
24708,standard,48,8,0A,0B,01,00,00,00,00,00
24732,standard,47,8,00,00,00,00,00,00,00,00
24755,standard,48,8,0A,0B,01,00,00,00,00,00
24779,standard,47,8,00,00,00,00,00,00,00,00
24802,standard,48,8,0A,0B,01,00,00,00,00,00
24833,standard,47,8,00,00,00,00,00,00,00,00
24865,standard,46,8,08,00,00,00,56,01,21,01
24889,standard,48,8,0A,0B,01,00,00,00,00,00
24912,standard,46,8,07,00,00,00,56,01,21,01
24938,standard,48,8,0A,0B,01,00,00,00,00,00
24961,standard,46,8,06,00,00,00,56,01,21,01
24985,standard,48,8,0A,0B,01,00,00,00,00,00
25008,standard,46,8,08,00,00,00,56,01,21,01
25032,standard,48,8,0A,0B,01,00,00,00,00,00
25055,standard,47,8,00,00,00,00,00,00,00,00
25079,standard,48,8,0A,0B,01,00,00,00,00,00
25102,standard,48,8,0A,0B,01,00,00,00,00,00
25126,standard,47,8,00,00,00,00,00,00,00,00
25149,standard,48,8,0A,0B,01,00,00,00,00,00
25175,standard,47,8,00,00,00,00,00,00,00,00
25198,standard,46,8,08,00,00,00,58,01,21,01
25222,standard,48,8,0A,0B,01,00,00,00,00,00
25245,standard,46,8,07,00,00,00,58,01,21,01
25269,standard,48,8,0A,0B,01,00,00,00,00,00
25292,standard,46,8,0A,00,00,00,58,01,22,01
25315,standard,48,8,0A,0B,01,00,00,00,00,00
25339,standard,46,8,09,00,00,00,58,01,22,01
25362,standard,48,8,0A,0B,01,00,00,00,00,00
25386,standard,47,8,00,00,00,00,00,00,00,00
25418,standard,48,8,0A,0B,01,00,00,00,00,00
25442,standard,47,8,00,00,00,00,00,00,00,00
25465,standard,48,8,0A,0B,01,00,00,00,00,00
25489,standard,47,8,00,00,00,00,00,00,00,00
25512,standard,48,8,0A,0B,01,00,00,00,00,00
25536,standard,47,8,00,00,00,00,00,00,00,00
25559,standard,48,8,0A,0B,01,00,00,00,00,00
25582,standard,47,8,00,00,00,00,00,00,00,00
25606,standard,48,8,0A,0B,01,00,00,00,00,00
25629,standard,47,8,00,00,00,00,00,00,00,00
25653,standard,48,8,0A,0B,01,00,00,00,00,00
25679,standard,47,8,00,00,00,00,00,00,00,00
25702,standard,48,8,0A,0B,01,00,00,00,00,00
25725,standard,47,8,00,00,00,00,00,00,00,00
25749,standard,48,8,0A,0B,01,00,00,00,00,00
25772,standard,47,8,00,00,00,00,00,00,00,00
25796,standard,46,8,06,00,00,00,5B,01,22,01
25819,standard,48,8,0A,0B,01,00,00,00,00,00
25843,standard,46,8,06,00,00,00,5B,01,22,01
25866,standard,48,8,0A,0B,01,00,00,00,00,00
25890,standard,46,8,0A,00,00,00,5B,01,1F,01
25915,standard,48,8,0A,0B,01,00,00,00,00,00
25939,standard,46,8,07,00,00,00,5B,01,1F,01
25962,standard,48,8,0A,0B,01,00,00,00,00,00
25986,standard,47,8,00,00,00,00,00,00,00,00
26009,standard,48,8,0A,0B,01,00,00,00,00,00
26033,standard,47,8,00,00,00,00,00,00,00,00
26056,standard,48,8,0A,0B,01,00,00,00,00,00
26080,standard,47,8,00,00,00,00,00,00,00,00
26103,standard,48,8,0A,0B,01,00,00,00,00,00
26127,standard,47,8,00,00,00,00,00,00,00,00
26153,standard,48,8,0A,0B,01,00,00,00,00,00
26176,standard,47,8,00,00,00,00,00,00,00,00
26199,standard,48,8,0A,0B,01,00,00,00,00,00
26223,standard,47,8,00,00,00,00,00,00,00,00
26246,standard,48,8,0A,0B,01,00,00,00,00,00
26270,standard,47,8,00,00,00,00,00,00,00,00
26293,standard,46,8,06,00,00,00,5B,01,21,01
26317,standard,48,8,0A,0B,01,00,00,00,00,00
26340,standard,46,8,08,00,00,00,5B,01,21,01
26363,standard,48,8,0A,0B,01,00,00,00,00,00
26389,standard,46,8,06,00,00,00,5B,01,21,01
26413,standard,48,8,0A,0B,01,00,00,00,00,00
26436,standard,46,8,07,00,00,00,5B,01,21,01
26460,standard,48,8,0A,0B,01,00,00,00,00,00
26483,standard,47,8,00,00,00,00,00,00,00,00
26507,standard,48,8,0A,0B,01,00,00,00,00,00
26530,standard,47,8,00,00,00,00,00,00,00,00
26553,standard,48,8,0A,0B,01,00,00,00,00,00
26577,standard,47,8,00,00,00,00,00,00,00,00
26600,standard,48,8,0A,0B,01,00,00,00,00,00
26624,standard,47,8,00,00,00,00,00,00,00,00
26649,standard,48,8,0A,0B,01,00,00,00,00,00
26673,standard,47,8,00,00,00,00,00,00,00,00
26696,standard,48,8,0A,0B,01,00,00,00,00,00
26720,standard,47,8,00,00,00,00,00,00,00,00
26743,standard,46,8,08,00,00,00,5B,01,21,01
26767,standard,48,8,0A,0B,01,00,00,00,00,00
26790,standard,46,8,09,00,00,00,5B,01,21,01
26814,standard,48,8,0A,0B,01,00,00,00,00,00
26845,standard,46,8,07,00,00,00,5B,01,21,01
26884,standard,48,8,0A,0B,01,00,00,00,00,00
26910,standard,46,8,06,00,00,00,5B,01,21,01
26933,standard,48,8,0A,0B,01,00,00,00,00,00
26957,standard,47,8,00,00,00,00,00,00,00,00
26980,standard,48,8,0A,0B,01,00,00,00,00,00
27003,standard,47,8,00,00,00,00,00,00,00,00
27027,standard,48,8,0A,0B,01,00,00,00,00,00
27050,standard,47,8,00,00,00,00,00,00,00,00
27074,standard,48,8,0A,0B,01,00,00,00,00,00
27097,standard,47,8,00,00,00,00,00,00,00,00
27121,standard,48,8,0A,0B,01,00,00,00,00,00
27146,standard,48,8,0A,0B,01,00,00,00,00,00
27170,standard,47,8,00,00,00,00,00,00,00,00
27193,standard,48,8,0A,0B,01,00,00,00,00,00
27217,standard,47,8,00,00,00,00,00,00,00,00
27240,standard,46,8,07,00,00,00,5D,01,21,01
27264,standard,48,8,0A,0B,01,00,00,00,00,00
27287,standard,46,8,06,00,00,00,58,01,21,01
27311,standard,48,8,0A,0B,01,00,00,00,00,00
27334,standard,46,8,08,00,00,00,58,01,21,01
27357,standard,48,8,0A,0B,01,00,00,00,00,00
27383,standard,46,8,07,00,00,00,58,01,22,01
27407,standard,48,8,0A,0B,01,00,00,00,00,00
27430,standard,47,8,00,00,00,00,00,00,00,00
27454,standard,48,8,0A,0B,01,00,00,00,00,00
27477,standard,47,8,00,00,00,00,00,00,00,00
27500,standard,48,8,0A,0B,01,00,00,00,00,00
27524,standard,47,8,00,00,00,00,00,00,00,00
27547,standard,48,8,0A,0B,01,00,00,00,00,00
27571,standard,47,8,00,00,00,00,00,00,00,00
27594,standard,48,8,0A,0B,01,00,00,00,00,00
27618,standard,47,8,00,00,00,00,00,00,00,00
27643,standard,48,8,0A,0B,01,00,00,00,00,00
27667,standard,47,8,00,00,00,00,00,00,00,00
27690,standard,46,8,08,00,00,00,56,01,22,01
27714,standard,48,8,0A,0B,01,00,00,00,00,00
27737,standard,46,8,07,00,00,00,56,01,22,01
27760,standard,48,8,0A,0B,01,00,00,00,00,00
27784,standard,46,8,07,00,00,00,56,01,21,01
27815,standard,48,8,0A,0B,01,00,00,00,00,00
27850,standard,47,8,00,00,00,00,00,00,00,00
27874,standard,48,8,0A,0B,01,00,00,00,00,00
27899,standard,47,8,00,00,00,00,00,00,00,00
27923,standard,48,8,0A,0B,01,00,00,00,00,00
27946,standard,47,8,00,00,00,00,00,00,00,00
27970,standard,48,8,0A,0B,01,00,00,00,00,00
27993,standard,47,8,00,00,00,00,00,00,00,00
28017,standard,48,8,0A,0B,01,00,00,00,00,00
28040,standard,47,8,00,00,00,00,00,00,00,00
28063,standard,48,8,0A,0B,01,00,00,00,00,00
28087,standard,46,8,07,00,00,00,56,01,21,01
28110,standard,48,8,0A,0B,01,00,00,00,00,00
28136,standard,46,8,08,00,00,00,56,01,21,01
28160,standard,48,8,0A,0B,01,00,00,00,00,00
28183,standard,46,8,06,00,00,00,56,01,21,01
28207,standard,48,8,0A,0B,01,00,00,00,00,00
28230,standard,47,8,00,00,00,00,00,00,00,00
28254,standard,48,8,0A,0B,01,00,00,00,00,00
28277,standard,47,8,00,00,00,00,00,00,00,00
28300,standard,48,8,0A,0B,01,00,00,00,00,00
28324,standard,47,8,00,00,00,00,00,00,00,00
28347,standard,48,8,0A,0B,01,00,00,00,00,00
28373,standard,47,8,00,00,00,00,00,00,00,00
28397,standard,48,8,0A,0B,01,00,00,00,00,00
28420,standard,47,8,00,00,00,00,00,00,00,00
28443,standard,48,8,0A,0B,01,00,00,00,00,00
28467,standard,47,8,00,00,00,00,00,00,00,00
28490,standard,48,8,0A,0B,01,00,00,00,00,00
28514,standard,47,8,00,00,00,00,00,00,00,00
28537,standard,46,8,07,00,00,00,56,01,21,01
28561,standard,48,8,0A,0B,01,00,00,00,00,00
28584,standard,46,8,07,00,00,00,56,01,21,01
28608,standard,48,8,0A,0B,01,00,00,00,00,00
28633,standard,46,8,07,00,00,00,56,01,21,01
28657,standard,48,8,0A,0B,01,00,00,00,00,00
28680,standard,46,8,06,00,00,00,55,01,21,01
28704,standard,48,8,0A,0B,01,00,00,00,00,00
28727,standard,47,8,00,00,00,00,00,00,00,00
28751,standard,48,8,0A,0B,01,00,00,00,00,00
28774,standard,47,8,00,00,00,00,00,00,00,00
28797,standard,48,8,0A,0B,01,00,00,00,00,00
28821,standard,47,8,00,00,00,00,00,00,00,00
28844,standard,48,8,0A,0B,01,00,00,00,00,00
28870,standard,47,8,00,00,00,00,00,00,00,00
28894,standard,48,8,0A,0B,01,00,00,00,00,00
28917,standard,47,8,00,00,00,00,00,00,00,00
28941,standard,48,8,0A,0B,01,00,00,00,00,00
28964,standard,47,8,00,00,00,00,00,00,00,00
28988,standard,46,8,07,00,00,00,56,01,21,01
29011,standard,48,8,0A,0B,01,00,00,00,00,00
29034,standard,46,8,07,00,00,00,56,01,21,01
29058,standard,48,8,0A,0B,01,00,00,00,00,00
29081,standard,46,8,08,00,00,00,56,01,21,01
29107,standard,48,8,0A,0B,01,00,00,00,00,00
29131,standard,46,8,07,00,00,00,56,01,21,01
29154,standard,48,8,0A,0B,01,00,00,00,00,00
29178,standard,47,8,00,00,00,00,00,00,00,00
29201,standard,48,8,0A,0B,01,00,00,00,00,00
29225,standard,47,8,00,00,00,00,00,00,00,00
29248,standard,48,8,0A,0B,01,00,00,00,00,00
29272,standard,47,8,00,00,00,00,00,00,00,00
29295,standard,48,8,0A,0B,01,00,00,00,00,00
29319,standard,47,8,00,00,00,00,00,00,00,00
29344,standard,48,8,0A,0B,01,00,00,00,00,00
29368,standard,47,8,00,00,00,00,00,00,00,00
29391,standard,48,8,0A,0B,01,00,00,00,00,00
29415,standard,47,8,00,00,00,00,00,00,00,00
29438,standard,48,8,0A,0B,01,00,00,00,00,00
29462,standard,47,8,00,00,00,00,00,00,00,00
29485,standard,46,8,06,00,00,00,56,01,1F,01
29509,standard,48,8,0A,0B,01,00,00,00,00,00
29532,standard,46,8,07,00,00,00,56,01,1F,01
29556,standard,48,8,0A,0B,01,00,00,00,00,00
29579,standard,46,8,07,00,00,00,56,01,1F,01
29601,standard,48,8,0A,0B,01,00,00,00,00,00
29633,standard,46,8,07,00,00,00,56,01,1F,01
29672,standard,48,8,0A,0B,01,00,00,00,00,00
29696,standard,47,8,00,00,00,00,00,00,00,00
29719,standard,48,8,0A,0B,01,00,00,00,00,00
29742,standard,47,8,00,00,00,00,00,00,00,00
29766,standard,48,8,0A,0B,01,00,00,00,00,00
29789,standard,47,8,00,00,00,00,00,00,00,00
29813,standard,48,8,0A,0B,01,00,00,00,00,00
29836,standard,47,8,00,00,00,00,00,00,00,00
29862,standard,48,8,0A,0B,01,00,00,00,00,00
29886,standard,47,8,00,00,00,00,00,00,00,00
29909,standard,48,8,0A,0B,01,00,00,00,00,00
29933,standard,46,8,06,00,00,00,56,01,1F,01
29956,standard,48,8,0A,0B,01,00,00,00,00,00
29980,standard,46,8,07,00,00,00,56,01,1F,01
30003,standard,48,8,0A,0B,01,00,00,00,00,00
30026,standard,46,8,08,00,00,00,56,01,1F,01
30050,standard,48,8,0A,0B,01,00,00,00,00,00
30073,standard,47,8,00,00,00,00,00,00,00,00
30099,standard,48,8,0A,0B,01,00,00,00,00,00
30123,standard,47,8,00,00,00,00,00,00,00,00
30146,standard,48,8,0A,0B,01,00,00,00,00,00
30170,standard,47,8,00,00,00,00,00,00,00,00
30193,standard,48,8,0A,0B,01,00,00,00,00,00
30216,standard,47,8,00,00,00,00,00,00,00,00
30240,standard,48,8,0A,0B,01,00,00,00,00,00
30263,standard,47,8,00,00,00,00,00,00,00,00
30287,standard,48,8,0A,0B,01,00,00,00,00,00
30310,standard,47,8,00,00,00,00,00,00,00,00
30336,standard,48,8,0A,0B,01,00,00,00,00,00
30360,standard,47,8,00,00,00,00,00,00,00,00
30383,standard,46,8,07,00,00,00,56,01,1F,01
30407,standard,48,8,0A,0B,01,00,00,00,00,00
30430,standard,46,8,0A,00,00,00,56,01,1F,01
30453,standard,48,8,0A,0B,01,00,00,00,00,00
30477,standard,46,8,07,00,00,00,56,01,1E,01
30500,standard,48,8,0A,0B,01,00,00,00,00,00
30524,standard,47,8,00,00,00,00,00,00,00,00
30547,standard,48,8,0A,0B,01,00,00,00,00,00
30577,standard,47,8,00,00,00,00,00,00,00,00
30601,standard,48,8,0A,0B,01,00,00,00,00,00
30624,standard,47,8,00,00,00,00,00,00,00,00
30648,standard,48,8,0A,0B,01,00,00,00,00,00
30671,standard,47,8,00,00,00,00,00,00,00,00
30695,standard,48,8,0A,0B,01,00,00,00,00,00
30718,standard,47,8,00,00,00,00,00,00,00,00
30742,standard,48,8,0A,0B,01,00,00,00,00,00
30765,standard,47,8,00,00,00,00,00,00,00,00
30789,standard,48,8,0A,0B,01,00,00,00,00,00
30812,standard,47,8,00,00,00,00,00,00,00,00
30838,standard,48,8,0A,0B,01,00,00,00,00,00
30871,standard,47,8,00,00,00,00,00,00,00,00
30904,standard,48,8,0A,0B,01,00,00,00,00,00
30928,standard,47,8,00,00,00,00,00,00,00,00
30952,standard,46,8,08,00,00,00,56,01,1E,01
30975,standard,48,8,0A,0B,01,00,00,00,00,00
30998,standard,46,8,06,00,00,00,56,01,1F,01
31022,standard,48,8,0A,0B,01,00,00,00,00,00
31045,standard,46,8,08,00,00,00,56,01,1F,01
31069,standard,48,8,0A,0B,01,00,00,00,00,00
31095,standard,46,8,08,00,00,00,56,01,1F,01
31118,standard,48,8,0A,0B,01,00,00,00,00,00
31142,standard,48,8,0A,0B,01,00,00,00,00,00
31165,standard,47,8,00,00,00,00,00,00,00,00
31189,standard,48,8,0A,0B,01,00,00,00,00,00
31212,standard,47,8,00,00,00,00,00,00,00,00
31235,standard,48,8,0A,0B,01,00,00,00,00,00
31259,standard,47,8,00,00,00,00,00,00,00,00
31282,standard,48,8,0A,0B,01,00,00,00,00,00
31306,standard,47,8,00,00,00,00,00,00,00,00
31332,standard,46,8,07,00,00,00,56,01,1F,01
31355,standard,48,8,0A,0B,01,00,00,00,00,00
31379,standard,46,8,08,00,00,00,58,01,1F,01
31402,standard,48,8,0A,0B,01,00,00,00,00,00
31426,standard,46,8,0A,00,00,00,58,01,1F,01
31449,standard,48,8,0A,0B,01,00,00,00,00,00
31472,standard,46,8,07,00,00,00,58,01,1F,01
31496,standard,48,8,0A,0B,01,00,00,00,00,00
31519,standard,47,8,00,00,00,00,00,00,00,00
31543,standard,48,8,0A,0B,01,00,00,00,00,00
31569,standard,47,8,00,00,00,00,00,00,00,00
31592,standard,48,8,0A,0B,01,00,00,00,00,00
31616,standard,47,8,00,00,00,00,00,00,00,00
31639,standard,48,8,0A,0B,01,00,00,00,00,00
31662,standard,47,8,00,00,00,00,00,00,00,00
31686,standard,48,8,0A,0B,01,00,00,00,00,00
31709,standard,47,8,00,00,00,00,00,00,00,00
31733,standard,48,8,0A,0B,01,00,00,00,00,00
31756,standard,47,8,00,00,00,00,00,00,00,00
31780,standard,46,8,06,00,00,00,56,01,1F,01
31803,standard,48,8,0A,0B,01,00,00,00,00,00
31829,standard,46,8,06,00,00,00,56,01,1F,01
31853,standard,48,8,0A,0B,01,00,00,00,00,00
31876,standard,46,8,07,00,00,00,56,01,21,01
31899,standard,48,8,0A,0B,01,00,00,00,00,00
31923,standard,46,8,08,00,00,00,56,01,21,01
31946,standard,48,8,0A,0B,01,00,00,00,00,00
31970,standard,47,8,00,00,00,00,00,00,00,00
31993,standard,48,8,0A,0B,01,00,00,00,00,00
32017,standard,47,8,00,00,00,00,00,00,00,00
32040,standard,48,8,0A,0B,01,00,00,00,00,00
32066,standard,47,8,00,00,00,00,00,00,00,00
32089,standard,48,8,0A,0B,01,00,00,00,00,00
32113,standard,47,8,00,00,00,00,00,00,00,00
32136,standard,48,8,0A,0B,01,00,00,00,00,00
32160,standard,47,8,00,00,00,00,00,00,00,00
32183,standard,48,8,0A,0B,01,00,00,00,00,00
32207,standard,47,8,00,00,00,00,00,00,00,00
32230,standard,48,8,0A,0B,01,00,00,00,00,00
32254,standard,47,8,00,00,00,00,00,00,00,00
32277,standard,46,8,06,00,00,00,55,01,21,01
32303,standard,48,8,0A,0B,01,00,00,00,00,00
32326,standard,46,8,08,00,00,00,55,01,21,01
32350,standard,48,8,0A,0B,01,00,00,00,00,00
32373,standard,46,8,07,00,00,00,56,01,21,01
32397,standard,48,8,0A,0B,01,00,00,00,00,00
32420,standard,46,8,05,00,00,00,56,01,21,01
32452,standard,48,8,0A,0B,01,00,00,00,00,00
32491,standard,47,8,00,00,00,00,00,00,00,00
32514,standard,48,8,0A,0B,01,00,00,00,00,00
32537,standard,47,8,00,00,00,00,00,00,00,00
32563,standard,48,8,0A,0B,01,00,00,00,00,00
32587,standard,47,8,00,00,00,00,00,00,00,00
32610,standard,48,8,0A,0B,01,00,00,00,00,00
32633,standard,47,8,00,00,00,00,00,00,00,00
32657,standard,48,8,0A,0B,01,00,00,00,00,00
32680,standard,47,8,00,00,00,00,00,00,00,00
32704,standard,48,8,0A,0B,01,00,00,00,00,00
32727,standard,46,8,07,00,00,00,56,01,21,01
32751,standard,48,8,0A,0B,01,00,00,00,00,00
32774,standard,46,8,06,00,00,00,56,01,21,01
32798,standard,48,8,0A,0B,01,00,00,00,00,00
32824,standard,46,8,0A,00,00,00,56,01,21,01
32847,standard,48,8,0A,0B,01,00,00,00,00,00
32870,standard,46,8,08,00,00,00,55,01,21,01
32894,standard,48,8,0A,0B,01,00,00,00,00,00
32917,standard,47,8,00,00,00,00,00,00,00,00
32941,standard,48,8,0A,0B,01,00,00,00,00,00
32964,standard,47,8,00,00,00,00,00,00,00,00
32988,standard,48,8,0A,0B,01,00,00,00,00,00
33011,standard,47,8,00,00,00,00,00,00,00,00
33035,standard,48,8,0A,0B,01,00,00,00,00,00
33061,standard,47,8,00,00,00,00,00,00,00,00
33084,standard,48,8,0A,0B,01,00,00,00,00,00
33108,standard,47,8,00,00,00,00,00,00,00,00
33131,standard,48,8,0A,0B,01,00,00,00,00,00
33155,standard,47,8,00,00,00,00,00,00,00,00
33178,standard,48,8,0A,0B,01,00,00,00,00,00
33201,standard,47,8,00,00,00,00,00,00,00,00
33225,standard,46,8,0C,00,00,00,58,01,1F,01
33248,standard,48,8,0A,0B,01,00,00,00,00,00
33272,standard,46,8,07,00,00,00,58,01,1F,01
33298,standard,48,8,0A,0B,01,00,00,00,00,00
33321,standard,46,8,07,00,00,00,58,01,1F,01
33345,standard,48,8,0A,0B,01,00,00,00,00,00
33368,standard,46,8,08,00,00,00,55,01,1F,01
33391,standard,48,8,0A,0B,01,00,00,00,00,00
33415,standard,47,8,00,00,00,00,00,00,00,00
33438,standard,48,8,0A,0B,01,00,00,00,00,00
33462,standard,47,8,00,00,00,00,00,00,00,00
33485,standard,48,8,0A,0B,01,00,00,00,00,00
33509,standard,47,8,00,00,00,00,00,00,00,00
33535,standard,48,8,0A,0B,01,00,00,00,00,00
33558,standard,47,8,00,00,00,00,00,00,00,00
33582,standard,48,8,0A,0B,01,00,00,00,00,00
33605,standard,47,8,00,00,00,00,00,00,00,00
33628,standard,48,8,0A,0B,01,00,00,00,00,00
33652,standard,47,8,00,00,00,00,00,00,00,00
33675,standard,46,8,09,00,00,00,55,01,1F,01
33699,standard,48,8,0A,0B,01,00,00,00,00,00
33722,standard,46,8,08,00,00,00,55,01,1F,01
33746,standard,48,8,0A,0B,01,00,00,00,00,00
33769,standard,46,8,0A,00,00,00,55,01,1F,01
33795,standard,48,8,0A,0B,01,00,00,00,00,00
33819,standard,46,8,07,00,00,00,55,01,1F,01
33842,standard,48,8,0A,0B,01,00,00,00,00,00
33866,standard,46,8,07,00,00,00,55,01,1F,01
33889,standard,48,8,0A,0B,01,00,00,00,00,00
33920,standard,47,8,00,00,00,00,00,00,00,00
33951,standard,48,8,0A,0B,01,00,00,00,00,00
33975,standard,47,8,00,00,00,00,00,00,00,00
33998,standard,48,8,0A,0B,01,00,00,00,00,00
34022,standard,47,8,00,00,00,00,00,00,00,00
34047,standard,48,8,0A,0B,01,00,00,00,00,00
34071,standard,47,8,00,00,00,00,00,00,00,00
34095,standard,48,8,0A,0B,01,00,00,00,00,00
34118,standard,47,8,00,00,00,00,00,00,00,00
34141,standard,48,8,0A,0B,01,00,00,00,00,00
34165,standard,47,8,00,00,00,00,00,00,00,00
34188,standard,48,8,0A,0B,01,00,00,00,00,00
34212,standard,47,8,00,00,00,00,00,00,00,00
34235,standard,48,8,0A,0B,01,00,00,00,00,00
34259,standard,47,8,00,00,00,00,00,00,00,00
34285,standard,48,8,0A,0B,01,00,00,00,00,00
34308,standard,47,8,00,00,00,00,00,00,00,00
34331,standard,48,8,0A,0B,01,00,00,00,00,00
34355,standard,47,8,00,00,00,00,00,00,00,00
34379,standard,48,8,0A,0B,01,00,00,00,00,00
34402,standard,47,8,00,00,00,00,00,00,00,00
34425,standard,48,8,0A,0B,01,00,00,00,00,00
34449,standard,47,8,00,00,00,00,00,00,00,00
34472,standard,46,8,08,00,00,00,54,01,1F,01
34496,standard,48,8,0A,0B,01,00,00,00,00,00
34522,standard,46,8,07,00,00,00,54,01,1F,01
34545,standard,48,8,0A,0B,01,00,00,00,00,00
34568,standard,46,8,07,00,00,00,54,01,1F,01
34592,standard,48,8,0A,0B,01,00,00,00,00,00
34615,standard,46,8,06,00,00,00,54,01,1F,01
34639,standard,48,8,0A,0B,01,00,00,00,00,00
34662,standard,47,8,00,00,00,00,00,00,00,00
34686,standard,48,8,0A,0B,01,00,00,00,00,00
34709,standard,47,8,00,00,00,00,00,00,00,00
34733,standard,48,8,0A,0B,01,00,00,00,00,00
34756,standard,47,8,00,00,00,00,00,00,00,00
34782,standard,48,8,0A,0B,01,00,00,00,00,00
34806,standard,47,8,00,00,00,00,00,00,00,00
34829,standard,48,8,0A,0B,01,00,00,00,00,00
34853,standard,47,8,00,00,00,00,00,00,00,00
34876,standard,48,8,0A,0B,01,00,00,00,00,00
34899,standard,47,8,00,00,00,00,00,00,00,00
34923,standard,48,8,0A,0B,01,00,00,00,00,00
34946,standard,47,8,00,00,00,00,00,00,00,00
34970,standard,46,8,08,00,00,00,54,01,1F,01
34993,standard,48,8,0A,0B,01,00,00,00,00,00
35019,standard,46,8,07,00,00,00,54,01,1F,01
35043,standard,48,8,0A,0B,01,00,00,00,00,00
35066,standard,46,8,08,00,00,00,55,01,1F,01
35090,standard,48,8,0A,0B,01,00,00,00,00,00
35113,standard,46,8,07,00,00,00,55,01,1F,01
35136,standard,48,8,0A,0B,01,00,00,00,00,00
35160,standard,47,8,00,00,00,00,00,00,00,00
35183,standard,48,8,0A,0B,01,00,00,00,00,00
35207,standard,47,8,00,00,00,00,00,00,00,00
35239,standard,48,8,0A,0B,01,00,00,00,00,00
35279,standard,47,8,00,00,00,00,00,00,00,00
35303,standard,48,8,0A,0B,01,00,00,00,00,00
35326,standard,47,8,00,00,00,00,00,00,00,00
35349,standard,48,8,0A,0B,01,00,00,00,00,00
35373,standard,47,8,00,00,00,00,00,00,00,00
35396,standard,48,8,0A,0B,01,00,00,00,00,00
35420,standard,47,8,00,00,00,00,00,00,00,00
35443,standard,46,8,08,00,00,00,54,01,21,01
35467,standard,48,8,0A,0B,01,00,00,00,00,00
35490,standard,48,8,0A,0B,01,00,00,00,00,00
35516,standard,46,8,08,00,00,00,54,01,1F,01
35539,standard,48,8,0A,0B,01,00,00,00,00,00
35563,standard,46,8,06,00,00,00,54,01,1F,01
35586,standard,48,8,0A,0B,01,00,00,00,00,00
35610,standard,47,8,00,00,00,00,00,00,00,00
35633,standard,48,8,0A,0B,01,00,00,00,00,00
35657,standard,47,8,00,00,00,00,00,00,00,00
35680,standard,48,8,0A,0B,01,00,00,00,00,00
35703,standard,47,8,00,00,00,00,00,00,00,00
35727,standard,48,8,0A,0B,01,00,00,00,00,00
35750,standard,47,8,00,00,00,00,00,00,00,00
35772,standard,48,8,0A,0B,01,00,00,00,00,00
35796,standard,47,8,00,00,00,00,00,00,00,00
35819,standard,48,8,0A,0B,01,00,00,00,00,00
35843,standard,47,8,00,00,00,00,00,00,00,00
35866,standard,48,8,0A,0B,01,00,00,00,00,00
35890,standard,47,8,00,00,00,00,00,00,00,00
35913,standard,46,8,07,00,00,00,54,01,1F,01
35937,standard,48,8,0A,0B,01,00,00,00,00,00
35960,standard,46,8,07,00,00,00,55,01,1F,01
35984,standard,48,8,0A,0B,01,00,00,00,00,00
36009,standard,47,8,00,00,00,00,00,00,00,00
36033,standard,48,8,0A,0B,01,00,00,00,00,00
36056,standard,47,8,00,00,00,00,00,00,00,00
36080,standard,48,8,0A,0B,01,00,00,00,00,00
36103,standard,47,8,00,00,00,00,00,00,00,00
36127,standard,48,8,0A,0B,01,00,00,00,00,00
36150,standard,47,8,00,00,00,00,00,00,00,00
36174,standard,48,8,0A,0B,01,00,00,00,00,00
36197,standard,47,8,00,00,00,00,00,00,00,00
36221,standard,48,8,0A,0B,01,00,00,00,00,00
36246,standard,47,8,00,00,00,00,00,00,00,00
36270,standard,48,8,0A,0B,01,00,00,00,00,00
36293,standard,47,8,00,00,00,00,00,00,00,00
36317,standard,46,8,08,00,00,00,58,01,1F,01
36341,standard,48,8,0A,0B,01,00,00,00,00,00
36364,standard,46,8,07,00,00,00,56,01,1F,01
36388,standard,48,8,0A,0B,01,00,00,00,00,00
36411,standard,46,8,08,00,00,00,56,01,1F,01
36435,standard,48,8,0A,0B,01,00,00,00,00,00
36458,standard,47,8,00,00,00,00,00,00,00,00
36484,standard,48,8,0A,0B,01,00,00,00,00,00
36507,standard,47,8,00,00,00,00,00,00,00,00
36531,standard,48,8,0A,0B,01,00,00,00,00,00
36554,standard,47,8,00,00,00,00,00,00,00,00
36578,standard,48,8,0A,0B,01,00,00,00,00,00
36601,standard,47,8,00,00,00,00,00,00,00,00
36625,standard,48,8,0A,0B,01,00,00,00,00,00
36648,standard,47,8,00,00,00,00,00,00,00,00
36671,standard,48,8,0A,0B,01,00,00,00,00,00
36695,standard,47,8,00,00,00,00,00,00,00,00
36721,standard,48,8,0A,0B,01,00,00,00,00,00
36744,standard,47,8,00,00,00,00,00,00,00,00
36768,standard,48,8,0A,0B,01,00,00,00,00,00
36791,standard,47,8,00,00,00,00,00,00,00,00
36814,standard,46,8,07,00,00,00,56,01,1F,01
36838,standard,48,8,0A,0B,01,00,00,00,00,00
36861,standard,46,8,08,00,00,00,58,01,1F,01
36885,standard,48,8,0A,0B,01,00,00,00,00,00
36908,standard,46,8,07,00,00,00,58,01,1F,01
36932,standard,48,8,0A,0B,01,00,00,00,00,00
36964,standard,46,8,09,00,00,00,58,01,1F,01
36997,standard,48,8,0A,0B,01,00,00,00,00,00
37038,standard,47,8,00,00,00,00,00,00,00,00
37062,standard,48,8,0A,0B,01,00,00,00,00,00
37086,standard,47,8,00,00,00,00,00,00,00,00
37109,standard,48,8,0A,0B,01,00,00,00,00,00
37132,standard,47,8,00,00,00,00,00,00,00,00
37156,standard,48,8,0A,0B,01,00,00,00,00,00
37179,standard,47,8,00,00,00,00,00,00,00,00
37203,standard,48,8,0A,0B,01,00,00,00,00,00
37226,standard,47,8,00,00,00,00,00,00,00,00
37252,standard,48,8,0A,0B,01,00,00,00,00,00
37276,standard,48,8,0A,0B,01,00,00,00,00,00
37299,standard,47,8,00,00,00,00,00,00,00,00
37322,standard,48,8,0A,0B,01,00,00,00,00,00
37346,standard,47,8,00,00,00,00,00,00,00,00
37369,standard,48,8,0A,0B,01,00,00,00,00,00
37393,standard,47,8,00,00,00,00,00,00,00,00
37416,standard,48,8,0A,0B,01,00,00,00,00,00
37440,standard,47,8,00,00,00,00,00,00,00,00
37463,standard,46,8,08,00,00,00,56,01,1F,01
37489,standard,48,8,0A,0B,01,00,00,00,00,00
37512,standard,46,8,09,00,00,00,56,01,1F,01
37536,standard,48,8,0A,0B,01,00,00,00,00,00
37559,standard,46,8,07,00,00,00,56,01,1F,01
37583,standard,48,8,0A,0B,01,00,00,00,00,00
37606,standard,46,8,09,00,00,00,56,01,1F,01
37629,standard,48,8,0A,0B,01,00,00,00,00,00
37653,standard,47,8,00,00,00,00,00,00,00,00
37676,standard,48,8,0A,0B,01,00,00,00,00,00
37700,standard,47,8,00,00,00,00,00,00,00,00
37725,standard,48,8,0A,0B,01,00,00,00,00,00
37749,standard,47,8,00,00,00,00,00,00,00,00
37772,standard,48,8,0A,0B,01,00,00,00,00,00
37796,standard,47,8,00,00,00,00,00,00,00,00
37819,standard,48,8,0A,0B,01,00,00,00,00,00
37843,standard,47,8,00,00,00,00,00,00,00,00
37866,standard,48,8,0A,0B,01,00,00,00,00,00
37889,standard,47,8,00,00,00,00,00,00,00,00
37913,standard,46,8,06,00,00,00,56,01,21,01
37936,standard,48,8,0A,0B,01,00,00,00,00,00
37960,standard,46,8,06,00,00,00,56,01,1F,01
37986,standard,48,8,0A,0B,01,00,00,00,00,00
38009,standard,46,8,06,00,00,00,56,01,1F,01
38042,standard,48,8,0A,0B,01,00,00,00,00,00
38082,standard,46,8,08,00,00,00,56,01,21,01
38105,standard,48,8,0A,0B,01,00,00,00,00,00
38128,standard,47,8,00,00,00,00,00,00,00,00
38152,standard,48,8,0A,0B,01,00,00,00,00,00
38175,standard,47,8,00,00,00,00,00,00,00,00
38199,standard,48,8,0A,0B,01,00,00,00,00,00
38222,standard,47,8,00,00,00,00,00,00,00,00
38248,standard,48,8,0A,0B,01,00,00,00,00,00
38272,standard,47,8,00,00,00,00,00,00,00,00
38295,standard,48,8,0A,0B,01,00,00,00,00,00
38319,standard,48,8,0A,0B,01,00,00,00,00,00
38342,standard,47,8,00,00,00,00,00,00,00,00
38366,standard,48,8,0A,0B,01,00,00,00,00,00
38389,standard,47,8,00,00,00,00,00,00,00,00
38413,standard,46,8,06,00,00,00,58,01,1E,01
38436,standard,48,8,0A,0B,01,00,00,00,00,00
38459,standard,46,8,07,00,00,00,58,01,1E,01
38488,standard,48,8,0A,0B,01,00,00,00,00,00
38512,standard,46,8,08,00,00,00,58,01,1E,01
38536,standard,48,8,0A,0B,01,00,00,00,00,00
38559,standard,46,8,07,00,00,00,5C,01,1E,01
38582,standard,48,8,0A,0B,01,00,00,00,00,00
38606,standard,46,8,09,00,00,00,5C,01,1E,01
38629,standard,48,8,0A,0B,01,00,00,00,00,00
38653,standard,47,8,00,00,00,00,00,00,00,00
38676,standard,48,8,0A,0B,01,00,00,00,00,00
38700,standard,47,8,00,00,00,00,00,00,00,00
38726,standard,48,8,0A,0B,01,00,00,00,00,00
38749,standard,47,8,00,00,00,00,00,00,00,00
38772,standard,48,8,0A,0B,01,00,00,00,00,00
38796,standard,47,8,00,00,00,00,00,00,00,00
38819,standard,48,8,0A,0B,01,00,00,00,00,00
38843,standard,47,8,00,00,00,00,00,00,00,00
38866,standard,48,8,0A,0B,01,00,00,00,00,00
38890,standard,47,8,00,00,00,00,00,00,00,00
38913,standard,48,8,0A,0B,01,00,00,00,00,00
38936,standard,47,8,00,00,00,00,00,00,00,00
38960,standard,48,8,0A,0B,01,00,00,00,00,00
38986,standard,47,8,00,00,00,00,00,00,00,00
39009,standard,46,8,09,00,00,00,5C,01,1E,01
39033,standard,48,8,0A,0B,01,00,00,00,00,00
39056,standard,46,8,06,00,00,00,5C,01,1E,01
39080,standard,48,8,0A,0B,01,00,00,00,00,00
39103,standard,46,8,07,00,00,00,5C,01,1E,01
39127,standard,48,8,0A,0B,01,00,00,00,00,00
39150,standard,47,8,00,00,00,00,00,00,00,00
39173,standard,48,8,0A,0B,01,00,00,00,00,00
39197,standard,47,8,00,00,00,00,00,00,00,00
39223,standard,48,8,0A,0B,01,00,00,00,00,00
39246,standard,47,8,00,00,00,00,00,00,00,00
39270,standard,48,8,0A,0B,01,00,00,00,00,00
39293,standard,47,8,00,00,00,00,00,00,00,00
39317,standard,48,8,0A,0B,01,00,00,00,00,00
39340,standard,47,8,00,00,00,00,00,00,00,00
39364,standard,48,8,0A,0B,01,00,00,00,00,00
39387,standard,47,8,00,00,00,00,00,00,00,00
39410,standard,48,8,0A,0B,01,00,00,00,00,00
39434,standard,47,8,00,00,00,00,00,00,00,00
39460,standard,46,8,07,00,00,00,5D,01,1D,01
39483,standard,48,8,0A,0B,01,00,00,00,00,00
39507,standard,46,8,05,00,00,00,5D,01,1D,01
39530,standard,48,8,0A,0B,01,00,00,00,00,00
39553,standard,46,8,06,00,00,00,5D,01,1D,01
39577,standard,48,8,0A,0B,01,00,00,00,00,00
39600,standard,46,8,07,00,00,00,5D,01,1D,01
39624,standard,48,8,0A,0B,01,00,00,00,00,00
39647,standard,47,8,00,00,00,00,00,00,00,00
39671,standard,48,8,0A,0B,01,00,00,00,00,00
39697,standard,47,8,00,00,00,00,00,00,00,00
39720,standard,48,8,0A,0B,01,00,00,00,00,00
39743,standard,47,8,00,00,00,00,00,00,00,00
39767,standard,48,8,0A,0B,01,00,00,00,00,00
39790,standard,47,8,00,00,00,00,00,00,00,00
39814,standard,48,8,0A,0B,01,00,00,00,00,00
39837,standard,47,8,00,00,00,00,00,00,00,00
39861,standard,48,8,0A,0B,01,00,00,00,00,00
39884,standard,47,8,00,00,00,00,00,00,00,00
39908,standard,46,8,07,00,00,00,5C,01,1E,01
39931,standard,48,8,0A,0B,01,00,00,00,00,00
39957,standard,46,8,09,00,00,00,5B,01,1E,01
39980,standard,48,8,0A,0B,01,00,00,00,00,00
40004,standard,46,8,04,00,00,00,5B,01,1E,01
40036,standard,48,8,0A,0B,01,00,00,00,00,00
40070,standard,46,8,08,00,00,00,56,01,1E,01
40094,standard,48,8,0A,0B,01,00,00,00,00,00
40118,standard,47,8,00,00,00,00,00,00,00,00
40141,standard,48,8,0A,0B,01,00,00,00,00,00
40164,standard,47,8,00,00,00,00,00,00,00,00
40188,standard,48,8,0A,0B,01,00,00,00,00,00
40214,standard,47,8,00,00,00,00,00,00,00,00
40237,standard,48,8,0A,0B,01,00,00,00,00,00
40261,standard,47,8,00,00,00,00,00,00,00,00
40284,standard,48,8,0A,0B,01,00,00,00,00,00
40308,standard,46,8,07,00,00,00,56,01,1E,01
40331,standard,48,8,0A,0B,01,00,00,00,00,00
40354,standard,46,8,08,00,00,00,56,01,1E,01
40378,standard,48,8,0A,0B,01,00,00,00,00,00
40401,standard,46,8,06,00,00,00,56,01,1E,01
40425,standard,48,8,0A,0B,01,00,00,00,00,00
40451,standard,46,8,08,00,00,00,56,01,1E,01
40474,standard,48,8,0A,0B,01,00,00,00,00,00
40497,standard,46,8,0A,00,00,00,56,01,1E,01
40521,standard,48,8,0A,0B,01,00,00,00,00,00
40544,standard,47,8,00,00,00,00,00,00,00,00
40568,standard,48,8,0A,0B,01,00,00,00,00,00
40591,standard,47,8,00,00,00,00,00,00,00,00
40615,standard,48,8,0A,0B,01,00,00,00,00,00
40638,standard,47,8,00,00,00,00,00,00,00,00
40662,standard,48,8,0A,0B,01,00,00,00,00,00
40687,standard,47,8,00,00,00,00,00,00,00,00
40711,standard,48,8,0A,0B,01,00,00,00,00,00
40734,standard,47,8,00,00,00,00,00,00,00,00
40758,standard,48,8,0A,0B,01,00,00,00,00,00
40781,standard,47,8,00,00,00,00,00,00,00,00
40805,standard,46,8,07,00,00,00,56,01,1E,01
40828,standard,48,8,0A,0B,01,00,00,00,00,00
40860,standard,46,8,07,00,00,00,55,01,1E,01
40919,standard,48,8,0A,0B,01,00,00,00,00,00
40943,standard,46,8,07,00,00,00,55,01,1E,01
40966,standard,48,8,0A,0B,01,00,00,00,00,00
40992,standard,46,8,05,00,00,00,55,01,1F,01
41015,standard,48,8,0A,0B,01,00,00,00,00,00
41039,standard,47,8,00,00,00,00,00,00,00,00
41062,standard,48,8,0A,0B,01,00,00,00,00,00
41086,standard,47,8,00,00,00,00,00,00,00,00
41109,standard,48,8,0A,0B,01,00,00,00,00,00
41133,standard,46,8,08,00,00,00,55,01,1F,01
41156,standard,48,8,0A,0B,01,00,00,00,00,00
41180,standard,47,8,00,00,00,00,00,00,00,00
41203,standard,46,8,07,00,00,00,55,01,1F,01
41236,standard,48,8,0A,0B,01,00,00,00,00,00
41259,standard,46,8,09,00,00,00,55,01,1F,01
41283,standard,48,8,0A,0B,01,00,00,00,00,00
41306,standard,46,8,09,00,00,00,55,01,1F,01
41330,standard,48,8,0A,0B,01,00,00,00,00,00
41353,standard,46,8,06,00,00,00,55,01,1F,01
41377,standard,48,8,0A,0B,01,00,00,00,00,00
41400,standard,47,8,00,00,00,00,00,00,00,00
41424,standard,48,8,0A,0B,01,00,00,00,00,00
41447,standard,47,8,00,00,00,00,00,00,00,00
41473,standard,48,8,0A,0B,01,00,00,00,00,00
41497,standard,46,8,08,00,00,00,55,01,1F,01
41520,standard,48,8,0A,0B,01,00,00,00,00,00
41544,standard,47,8,00,00,00,00,00,00,00,00
41567,standard,48,8,0A,0B,01,00,00,00,00,00
41591,standard,47,8,00,00,00,00,00,00,00,00
41614,standard,48,8,0A,0B,01,00,00,00,00,00
41638,standard,47,8,00,00,00,00,00,00,00,00
41661,standard,48,8,0A,0B,01,00,00,00,00,00
41684,standard,47,8,00,00,00,00,00,00,00,00
41710,standard,48,8,0A,0B,01,00,00,00,00,00
41734,standard,47,8,00,00,00,00,00,00,00,00
41757,standard,48,8,0A,0B,01,00,00,00,00,00
41781,standard,47,8,00,00,00,00,00,00,00,00
41804,standard,48,8,0A,0B,01,00,00,00,00,00
41828,standard,47,8,00,00,00,00,00,00,00,00
41851,standard,46,8,09,00,00,00,56,01,1F,01
41875,standard,48,8,0A,0B,01,00,00,00,00,00
41898,standard,46,8,08,00,00,00,56,01,1F,01
41922,standard,48,8,0A,0B,01,00,00,00,00,00
41945,standard,46,8,08,00,00,00,56,01,1F,01
41967,standard,48,8,0A,0B,01,00,00,00,00,00
41991,standard,46,8,09,00,00,00,56,01,1F,01
42014,standard,48,8,0A,0B,01,00,00,00,00,00
42038,standard,47,8,00,00,00,00,00,00,00,00
42061,standard,48,8,0A,0B,01,00,00,00,00,00
42085,standard,47,8,00,00,00,00,00,00,00,00
42108,standard,48,8,0A,0B,01,00,00,00,00,00
42131,standard,47,8,00,00,00,00,00,00,00,00
42155,standard,48,8,0A,0B,01,00,00,00,00,00
42178,standard,47,8,00,00,00,00,00,00,00,00
42204,standard,48,8,0A,0B,01,00,00,00,00,00
42228,standard,47,8,00,00,00,00,00,00,00,00
42251,standard,46,8,09,00,00,00,56,01,1F,01
42275,standard,48,8,0A,0B,01,00,00,00,00,00
42298,standard,46,8,08,00,00,00,56,01,1F,01
42322,standard,48,8,0A,0B,01,00,00,00,00,00
42345,standard,46,8,07,00,00,00,59,01,1F,01
42369,standard,48,8,0A,0B,01,00,00,00,00,00
42392,standard,47,8,00,00,00,00,00,00,00,00
42416,standard,48,8,0A,0B,01,00,00,00,00,00
42441,standard,47,8,00,00,00,00,00,00,00,00
42465,standard,48,8,0A,0B,01,00,00,00,00,00
42488,standard,47,8,00,00,00,00,00,00,00,00
42512,standard,48,8,0A,0B,01,00,00,00,00,00
42535,standard,47,8,00,00,00,00,00,00,00,00
42559,standard,48,8,0A,0B,01,00,00,00,00,00
42582,standard,47,8,00,00,00,00,00,00,00,00
42606,standard,48,8,0A,0B,01,00,00,00,00,00
42629,standard,47,8,00,00,00,00,00,00,00,00
42653,standard,48,8,0A,0B,01,00,00,00,00,00
42678,standard,47,8,00,00,00,00,00,00,00,00
42702,standard,48,8,0A,0B,01,00,00,00,00,00
42725,standard,47,8,00,00,00,00,00,00,00,00
42749,standard,46,8,07,00,00,00,59,01,1F,01
42772,standard,48,8,0A,0B,01,00,00,00,00,00
42796,standard,46,8,06,00,00,00,59,01,1F,01
42819,standard,48,8,0A,0B,01,00,00,00,00,00
42842,standard,46,8,08,00,00,00,59,01,1F,01
42866,standard,48,8,0A,0B,01,00,00,00,00,00
42889,standard,47,8,00,00,00,00,00,00,00,00
42915,standard,48,8,0A,0B,01,00,00,00,00,00
42939,standard,47,8,00,00,00,00,00,00,00,00
42962,standard,48,8,0A,0B,01,00,00,00,00,00
42985,standard,47,8,00,00,00,00,00,00,00,00
43009,standard,48,8,0A,0B,01,00,00,00,00,00
43041,standard,47,8,00,00,00,00,00,00,00,00
43074,standard,48,8,0A,0B,01,00,00,00,00,00
43098,standard,47,8,00,00,00,00,00,00,00,00
43122,standard,48,8,0A,0B,01,00,00,00,00,00
43145,standard,47,8,00,00,00,00,00,00,00,00
43169,standard,48,8,0A,0B,01,00,00,00,00,00
43194,standard,47,8,00,00,00,00,00,00,00,00
43218,standard,46,8,07,00,00,00,59,01,1F,01
43241,standard,48,8,0A,0B,01,00,00,00,00,00
43265,standard,46,8,07,00,00,00,59,01,1F,01
43288,standard,48,8,0A,0B,01,00,00,00,00,00
43312,standard,48,8,0A,0B,01,00,00,00,00,00
43335,standard,47,8,00,00,00,00,00,00,00,00
43359,standard,48,8,0A,0B,01,00,00,00,00,00
43382,standard,47,8,00,00,00,00,00,00,00,00
43406,standard,48,8,0A,0B,01,00,00,00,00,00
43431,standard,47,8,00,00,00,00,00,00,00,00
43455,standard,48,8,0A,0B,01,00,00,00,00,00
43478,standard,47,8,00,00,00,00,00,00,00,00
43502,standard,48,8,0A,0B,01,00,00,00,00,00
43525,standard,47,8,00,00,00,00,00,00,00,00
43549,standard,46,8,07,00,00,00,59,01,1F,01
43572,standard,48,8,0A,0B,01,00,00,00,00,00
43596,standard,46,8,08,00,00,00,59,01,1F,01
43619,standard,48,8,0A,0B,01,00,00,00,00,00
43642,standard,46,8,07,00,00,00,59,01,21,01
43677,standard,48,8,0A,0B,01,00,00,00,00,00
43716,standard,46,8,08,00,00,00,59,01,21,01
43739,standard,48,8,0A,0B,01,00,00,00,00,00
43763,standard,46,8,07,00,00,00,58,01,1F,01
43786,standard,48,8,0A,0B,01,00,00,00,00,00
43809,standard,47,8,00,00,00,00,00,00,00,00
43833,standard,48,8,0A,0B,01,00,00,00,00,00
43856,standard,47,8,00,00,00,00,00,00,00,00
43880,standard,48,8,0A,0B,01,00,00,00,00,00
43903,standard,47,8,00,00,00,00,00,00,00,00
43929,standard,48,8,0A,0B,01,00,00,00,00,00
43953,standard,48,8,0A,0B,01,00,00,00,00,00
43976,standard,47,8,00,00,00,00,00,00,00,00
43999,standard,48,8,0A,0B,01,00,00,00,00,00
44023,standard,47,8,00,00,00,00,00,00,00,00
44046,standard,46,8,07,00,00,00,56,01,1F,01
44070,standard,48,8,0A,0B,01,00,00,00,00,00
44093,standard,46,8,05,00,00,00,56,01,1F,01
44117,standard,48,8,0A,0B,01,00,00,00,00,00
44140,standard,46,8,08,00,00,00,56,01,1F,01
44164,standard,48,8,0A,0B,01,00,00,00,00,00
44189,standard,46,8,08,00,00,00,56,01,1F,01
44213,standard,48,8,0A,0B,01,00,00,00,00,00
44236,standard,47,8,00,00,00,00,00,00,00,00
44260,standard,48,8,0A,0B,01,00,00,00,00,00
44283,standard,47,8,00,00,00,00,00,00,00,00
44307,standard,48,8,0A,0B,01,00,00,00,00,00
44330,standard,47,8,00,00,00,00,00,00,00,00
44354,standard,48,8,0A,0B,01,00,00,00,00,00
44377,standard,47,8,00,00,00,00,00,00,00,00
44401,standard,48,8,0A,0B,01,00,00,00,00,00
44426,standard,47,8,00,00,00,00,00,00,00,00
44450,standard,48,8,0A,0B,01,00,00,00,00,00
44473,standard,47,8,00,00,00,00,00,00,00,00
44497,standard,48,8,0A,0B,01,00,00,00,00,00
44520,standard,47,8,00,00,00,00,00,00,00,00
44543,standard,46,8,07,00,00,00,56,01,1F,01
44567,standard,48,8,0A,0B,01,00,00,00,00,00
44590,standard,46,8,09,00,00,00,56,01,1F,01
44614,standard,48,8,0A,0B,01,00,00,00,00,00
44637,standard,46,8,06,00,00,00,56,01,1F,01
44663,standard,48,8,0A,0B,01,00,00,00,00,00
44686,standard,46,8,07,00,00,00,56,01,1F,01
44710,standard,48,8,0A,0B,01,00,00,00,00,00
44733,standard,47,8,00,00,00,00,00,00,00,00
44757,standard,48,8,0A,0B,01,00,00,00,00,00
44780,standard,47,8,00,00,00,00,00,00,00,00
44804,standard,48,8,0A,0B,01,00,00,00,00,00
44827,standard,47,8,00,00,00,00,00,00,00,00
44851,standard,48,8,0A,0B,01,00,00,00,00,00
44874,standard,47,8,00,00,00,00,00,00,00,00
44900,standard,48,8,0A,0B,01,00,00,00,00,00
44923,standard,47,8,00,00,00,00,00,00,00,00
44947,standard,48,8,0A,0B,01,00,00,00,00,00
44970,standard,47,8,00,00,00,00,00,00,00,00
44994,standard,46,8,07,00,00,00,54,01,1E,01
45017,standard,48,8,0A,0B,01,00,00,00,00,00
45041,standard,46,8,09,00,00,00,54,01,1E,01
45064,standard,48,8,0A,0B,01,00,00,00,00,00
45087,standard,46,8,07,00,00,00,54,01,1E,01
45111,standard,48,8,0A,0B,01,00,00,00,00,00
45134,standard,46,8,0B,00,00,00,53,01,1E,01
45160,standard,48,8,0A,0B,01,00,00,00,00,00
45184,standard,47,8,00,00,00,00,00,00,00,00
45207,standard,48,8,0A,0B,01,00,00,00,00,00
45230,standard,47,8,00,00,00,00,00,00,00,00
45254,standard,48,8,0A,0B,01,00,00,00,00,00
45277,standard,47,8,00,00,00,00,00,00,00,00
45301,standard,48,8,0A,0B,01,00,00,00,00,00
45324,standard,47,8,00,00,00,00,00,00,00,00
45348,standard,48,8,0A,0B,01,00,00,00,00,00
45371,standard,47,8,00,00,00,00,00,00,00,00
45397,standard,48,8,0A,0B,01,00,00,00,00,00
45420,standard,47,8,00,00,00,00,00,00,00,00
45444,standard,48,8,0A,0B,01,00,00,00,00,00
45467,standard,47,8,00,00,00,00,00,00,00,00
45491,standard,46,8,06,00,00,00,53,01,1E,01
45514,standard,48,8,0A,0B,01,00,00,00,00,00
45538,standard,46,8,08,00,00,00,53,01,1E,01
45561,standard,48,8,0A,0B,01,00,00,00,00,00
45584,standard,46,8,09,00,00,00,53,01,1E,01
45608,standard,48,8,0A,0B,01,00,00,00,00,00
45634,standard,46,8,06,00,00,00,53,01,1E,01
45657,standard,48,8,0A,0B,01,00,00,00,00,00
45680,standard,47,8,00,00,00,00,00,00,00,00
45704,standard,48,8,0A,0B,01,00,00,00,00,00
45727,standard,47,8,00,00,00,00,00,00,00,00
45751,standard,48,8,0A,0B,01,00,00,00,00,00
45774,standard,47,8,00,00,00,00,00,00,00,00
45798,standard,48,8,0A,0B,01,00,00,00,00,00
45821,standard,47,8,00,00,00,00,00,00,00,00
45844,standard,48,8,0A,0B,01,00,00,00,00,00
45870,standard,47,8,00,00,00,00,00,00,00,00
45894,standard,48,8,0A,0B,01,00,00,00,00,00
45917,standard,47,8,00,00,00,00,00,00,00,00
45940,standard,46,8,08,00,00,00,53,01,1E,01
45964,standard,48,8,0A,0B,01,00,00,00,00,00
45987,standard,46,8,07,00,00,00,53,01,1E,01
46011,standard,48,8,0A,0B,01,00,00,00,00,00
46034,standard,46,8,07,00,00,00,52,01,1E,01
46058,standard,48,8,0A,0B,01,00,00,00,00,00
46089,standard,47,8,00,00,00,00,00,00,00,00
46122,standard,48,8,0A,0B,01,00,00,00,00,00
46148,standard,47,8,00,00,00,00,00,00,00,00
46172,standard,48,8,0A,0B,01,00,00,00,00,00
46195,standard,47,8,00,00,00,00,00,00,00,00
46218,standard,48,8,0A,0B,01,00,00,00,00,00
46242,standard,47,8,00,00,00,00,00,00,00,00
46265,standard,48,8,0A,0B,01,00,00,00,00,00
46289,standard,47,8,00,00,00,00,00,00,00,00
46312,standard,48,8,0A,0B,01,00,00,00,00,00
46336,standard,47,8,00,00,00,00,00,00,00,00
46359,standard,48,8,0A,0B,01,00,00,00,00,00
46390,standard,46,8,06,00,00,00,53,01,1E,01
46414,standard,48,8,0A,0B,01,00,00,00,00,00
46438,standard,46,8,08,00,00,00,55,01,1F,01
46461,standard,48,8,0A,0B,01,00,00,00,00,00
46496,standard,47,8,00,00,00,00,00,00,00,00
46530,standard,48,8,0A,0B,01,00,00,00,00,00
46554,standard,47,8,00,00,00,00,00,00,00,00
46577,standard,48,8,0A,0B,01,00,00,00,00,00
46600,standard,47,8,00,00,00,00,00,00,00,00
46624,standard,48,8,0A,0B,01,00,00,00,00,00
46650,standard,47,8,00,00,00,00,00,00,00,00
46673,standard,48,8,0A,0B,01,00,00,00,00,00
46697,standard,47,8,00,00,00,00,00,00,00,00
46720,standard,48,8,0A,0B,01,00,00,00,00,00
46744,standard,46,8,07,00,00,00,56,01,1E,01
46767,standard,48,8,0A,0B,01,00,00,00,00,00
46790,standard,48,8,0A,0B,01,00,00,00,00,00
46814,standard,47,8,00,00,00,00,00,00,00,00
46837,standard,46,8,08,00,00,00,56,01,1E,01
46861,standard,48,8,0A,0B,01,00,00,00,00,00
46887,standard,46,8,08,00,00,00,56,01,1E,01
46910,standard,48,8,0A,0B,01,00,00,00,00,00
46933,standard,46,8,06,00,00,00,56,01,1F,01
46957,standard,48,8,0A,0B,01,00,00,00,00,00
46980,standard,46,8,08,00,00,00,56,01,1F,01
47004,standard,48,8,0A,0B,01,00,00,00,00,00
47027,standard,47,8,00,00,00,00,00,00,00,00
47051,standard,48,8,0A,0B,01,00,00,00,00,00
47074,standard,47,8,00,00,00,00,00,00,00,00
47098,standard,48,8,0A,0B,01,00,00,00,00,00
47121,standard,47,8,00,00,00,00,00,00,00,00
47147,standard,48,8,0A,0B,01,00,00,00,00,00
47171,standard,47,8,00,00,00,00,00,00,00,00
47194,standard,48,8,0A,0B,01,00,00,00,00,00
47218,standard,47,8,00,00,00,00,00,00,00,00
47241,standard,48,8,0A,0B,01,00,00,00,00,00
47264,standard,47,8,00,00,00,00,00,00,00,00
47288,standard,46,8,06,00,00,00,59,01,1F,01
47311,standard,48,8,0A,0B,01,00,00,00,00,00
47335,standard,46,8,06,00,00,00,59,01,1F,01
47358,standard,48,8,0A,0B,01,00,00,00,00,00
47384,standard,46,8,07,00,00,00,59,01,1F,01
47407,standard,48,8,0A,0B,01,00,00,00,00,00
47431,standard,46,8,08,00,00,00,58,01,1F,01
47454,standard,48,8,0A,0B,01,00,00,00,00,00
47478,standard,46,8,06,00,00,00,58,01,1F,01
47501,standard,48,8,0A,0B,01,00,00,00,00,00
47525,standard,47,8,00,00,00,00,00,00,00,00
47548,standard,48,8,0A,0B,01,00,00,00,00,00
47571,standard,47,8,00,00,00,00,00,00,00,00
47595,standard,48,8,0A,0B,01,00,00,00,00,00
47621,standard,47,8,00,00,00,00,00,00,00,00
47644,standard,48,8,0A,0B,01,00,00,00,00,00
47668,standard,47,8,00,00,00,00,00,00,00,00
47691,standard,48,8,0A,0B,01,00,00,00,00,00
47714,standard,47,8,00,00,00,00,00,00,00,00
47738,standard,48,8,0A,0B,01,00,00,00,00,00
47761,standard,47,8,00,00,00,00,00,00,00,00
47785,standard,46,8,08,00,00,00,59,01,1F,01
47808,standard,48,8,0A,0B,01,00,00,00,00,00
47832,standard,46,8,09,00,00,00,58,01,1F,01
47857,standard,48,8,0A,0B,01,00,00,00,00,00
47881,standard,46,8,07,00,00,00,58,01,1F,01
47904,standard,48,8,0A,0B,01,00,00,00,00,00
47928,standard,46,8,08,00,00,00,58,01,1F,01
47951,standard,48,8,0A,0B,01,00,00,00,00,00
47974,standard,47,8,00,00,00,00,00,00,00,00
47998,standard,48,8,0A,0B,01,00,00,00,00,00
48022,standard,47,8,00,00,00,00,00,00,00,00
48045,standard,48,8,0A,0B,01,00,00,00,00,00
48069,standard,47,8,00,00,00,00,00,00,00,00
48092,standard,48,8,0A,0B,01,00,00,00,00,00
48114,standard,47,8,00,00,00,00,00,00,00,00
48138,standard,48,8,0A,0B,01,00,00,00,00,00
48161,standard,47,8,00,00,00,00,00,00,00,00
48185,standard,48,8,0A,0B,01,00,00,00,00,00
48208,standard,47,8,00,00,00,00,00,00,00,00
48232,standard,46,8,08,00,00,00,59,01,1F,01
48255,standard,48,8,0A,0B,01,00,00,00,00,00
48278,standard,46,8,06,00,00,00,59,01,1F,01
48302,standard,48,8,0A,0B,01,00,00,00,00,00
48325,standard,46,8,07,00,00,00,59,01,1F,01
48351,standard,48,8,0A,0B,01,00,00,00,00,00
48375,standard,47,8,00,00,00,00,00,00,00,00
48398,standard,48,8,0A,0B,01,00,00,00,00,00
48422,standard,47,8,00,00,00,00,00,00,00,00
48445,standard,48,8,0A,0B,01,00,00,00,00,00
48468,standard,47,8,00,00,00,00,00,00,00,00
48492,standard,48,8,0A,0B,01,00,00,00,00,00
48515,standard,47,8,00,00,00,00,00,00,00,00
48539,standard,48,8,0A,0B,01,00,00,00,00,00
48562,standard,47,8,00,00,00,00,00,00,00,00
48588,standard,48,8,0A,0B,01,00,00,00,00,00
48612,standard,47,8,00,00,00,00,00,00,00,00
48635,standard,48,8,0A,0B,01,00,00,00,00,00
48658,standard,47,8,00,00,00,00,00,00,00,00
48682,standard,46,8,07,00,00,00,59,01,1F,01
48705,standard,48,8,0A,0B,01,00,00,00,00,00
48729,standard,46,8,09,00,00,00,59,01,1F,01
48752,standard,48,8,0A,0B,01,00,00,00,00,00
48776,standard,46,8,09,00,00,00,59,01,1F,01
48799,standard,48,8,0A,0B,01,00,00,00,00,00
48825,standard,46,8,09,00,00,00,59,01,1F,01
48848,standard,48,8,0A,0B,01,00,00,00,00,00
48872,standard,47,8,00,00,00,00,00,00,00,00
48895,standard,48,8,0A,0B,01,00,00,00,00,00
48919,standard,47,8,00,00,00,00,00,00,00,00
48942,standard,48,8,0A,0B,01,00,00,00,00,00
48965,standard,47,8,00,00,00,00,00,00,00,00
48989,standard,48,8,0A,0B,01,00,00,00,00,00
49012,standard,47,8,00,00,00,00,00,00,00,00
49036,standard,48,8,0A,0B,01,00,00,00,00,00
49062,standard,47,8,00,00,00,00,00,00,00,00
49085,standard,48,8,0A,0B,01,00,00,00,00,00
49108,standard,47,8,00,00,00,00,00,00,00,00
49140,standard,46,8,08,00,00,00,59,01,1E,01
49172,standard,48,8,0A,0B,01,00,00,00,00,00
49195,standard,46,8,07,00,00,00,59,01,1E,01
49219,standard,48,8,0A,0B,01,00,00,00,00,00
49242,standard,46,8,07,00,00,00,59,01,1F,01
49266,standard,48,8,0A,0B,01,00,00,00,00,00
49298,standard,46,8,08,00,00,00,59,01,1F,01
49336,standard,48,8,0A,0B,01,00,00,00,00,00
49362,standard,47,8,00,00,00,00,00,00,00,00
49385,standard,48,8,0A,0B,01,00,00,00,00,00
49409,standard,46,8,08,00,00,00,59,01,1E,01
49432,standard,48,8,0A,0B,01,00,00,00,00,00
49456,standard,48,8,0A,0B,01,00,00,00,00,00
49479,standard,47,8,00,00,00,00,00,00,00,00
49503,standard,46,8,08,00,00,00,59,01,1E,01
49526,standard,48,8,0A,0B,01,00,00,00,00,00
49550,standard,48,8,0A,0B,01,00,00,00,00,00
49573,standard,46,8,08,00,00,00,59,01,1E,01
49599,standard,48,8,0A,0B,01,00,00,00,00,00
49622,standard,46,8,0A,00,00,00,59,01,1E,01
49646,standard,48,8,0A,0B,01,00,00,00,00,00
49669,standard,47,8,00,00,00,00,00,00,00,00
49693,standard,48,8,0A,0B,01,00,00,00,00,00
49716,standard,47,8,00,00,00,00,00,00,00,00
49739,standard,48,8,0A,0B,01,00,00,00,00,00
49763,standard,47,8,00,00,00,00,00,00,00,00
49786,standard,48,8,0A,0B,01,00,00,00,00,00
49810,standard,47,8,00,00,00,00,00,00,00,00
49836,standard,48,8,0A,0B,01,00,00,00,00,00
49859,standard,47,8,00,00,00,00,00,00,00,00
49882,standard,48,8,0A,0B,01,00,00,00,00,00
49906,standard,47,8,00,00,00,00,00,00,00,00
49929,standard,46,8,06,00,00,00,59,01,1E,01
49953,standard,48,8,0A,0B,01,00,00,00,00,00
49976,standard,46,8,08,00,00,00,59,01,1E,01
50000,standard,48,8,0A,0B,01,00,00,00,00,00
50023,standard,46,8,07,00,00,00,58,01,1E,01
50047,standard,48,8,0A,0B,01,00,00,00,00,00
50072,standard,46,8,07,00,00,00,58,01,1E,01
50096,standard,48,8,0A,0B,01,00,00,00,00,00
50119,standard,47,8,00,00,00,00,00,00,00,00
50143,standard,48,8,0A,0B,01,00,00,00,00,00
50166,standard,47,8,00,00,00,00,00,00,00,00
50190,standard,48,8,0A,0B,01,00,00,00,00,00
50213,standard,47,8,00,00,00,00,00,00,00,00
50237,standard,48,8,0A,0B,01,00,00,00,00,00
50260,standard,47,8,00,00,00,00,00,00,00,00
50284,standard,48,8,0A,0B,01,00,00,00,00,00
50307,standard,47,8,00,00,00,00,00,00,00,00
50333,standard,48,8,0A,0B,01,00,00,00,00,00
50356,standard,47,8,00,00,00,00,00,00,00,00
50380,standard,48,8,0A,0B,01,00,00,00,00,00
50403,standard,47,8,00,00,00,00,00,00,00,00
50427,standard,46,8,06,00,00,00,56,01,1E,01
50450,standard,48,8,0A,0B,01,00,00,00,00,00
50473,standard,46,8,08,00,00,00,56,01,1E,01
50497,standard,48,8,0A,0B,01,00,00,00,00,00
50520,standard,46,8,09,00,00,00,56,01,1E,01
50544,standard,48,8,0A,0B,01,00,00,00,00,00
50570,standard,46,8,08,00,00,00,56,01,1E,01
50593,standard,48,8,0A,0B,01,00,00,00,00,00
50616,standard,47,8,00,00,00,00,00,00,00,00
50640,standard,48,8,0A,0B,01,00,00,00,00,00
50663,standard,47,8,00,00,00,00,00,00,00,00
50687,standard,48,8,0A,0B,01,00,00,00,00,00
50710,standard,47,8,00,00,00,00,00,00,00,00
50734,standard,48,8,0A,0B,01,00,00,00,00,00
50757,standard,47,8,00,00,00,00,00,00,00,00
50781,standard,48,8,0A,0B,01,00,00,00,00,00
50807,standard,47,8,00,00,00,00,00,00,00,00
50830,standard,48,8,0A,0B,01,00,00,00,00,00
50853,standard,47,8,00,00,00,00,00,00,00,00
50877,standard,46,8,08,00,00,00,56,01,1E,01
50900,standard,48,8,0A,0B,01,00,00,00,00,00
50924,standard,46,8,06,00,00,00,56,01,1D,01
50947,standard,48,8,0A,0B,01,00,00,00,00,00
50971,standard,46,8,08,00,00,00,56,01,1D,01
50994,standard,48,8,0A,0B,01,00,00,00,00,00
51018,standard,47,8,00,00,00,00,00,00,00,00
51043,standard,48,8,0A,0B,01,00,00,00,00,00
51067,standard,47,8,00,00,00,00,00,00,00,00
51090,standard,48,8,0A,0B,01,00,00,00,00,00
51114,standard,47,8,00,00,00,00,00,00,00,00
51137,standard,48,8,0A,0B,01,00,00,00,00,00
51161,standard,47,8,00,00,00,00,00,00,00,00
51184,standard,48,8,0A,0B,01,00,00,00,00,00
51208,standard,47,8,00,00,00,00,00,00,00,00
51231,standard,48,8,0A,0B,01,00,00,00,00,00
51254,standard,47,8,00,00,00,00,00,00,00,00
51278,standard,48,8,0A,0B,01,00,00,00,00,00
51304,standard,47,8,00,00,00,00,00,00,00,00
51327,standard,48,8,0A,0B,01,00,00,00,00,00
51351,standard,47,8,00,00,00,00,00,00,00,00
51374,standard,46,8,0B,00,00,00,56,01,1D,01
51398,standard,48,8,0A,0B,01,00,00,00,00,00
51421,standard,46,8,07,00,00,00,56,01,1D,01
51444,standard,48,8,0A,0B,01,00,00,00,00,00
51468,standard,46,8,08,00,00,00,56,01,1D,01
51491,standard,48,8,0A,0B,01,00,00,00,00,00
51515,standard,47,8,00,00,00,00,00,00,00,00
