#datatype measurement,long,long,long,long,long,long,long,long,long,long,long,long,long,long,long
#group false,false,false,false,false,false,false,false,false,false,false,false,false,false,false
#default _result,,,,,,,,,,,,,,
tempoDoSistema,power,motor_power,torque,motor_rpm,voltage,motor_temp,controller_temp,accelerator,ready_to_drive,torque_request_disable,test_mode,regen_request,brake
0.0,0,0,0.0,0,139.9,38.9,31.0,0.0,0,1,1,0,0
0.149,0,0,0.0,0,139.9,38.9,31.0,0.0,0,1,1,0,0
0.262,0,0,0.0,0,139.6,38.7,31.0,0.0,0,1,1,0,0
0.401,0,0,0.0,0,139.8,38.7,31.0,0.0,0,1,1,0,0
0.519,0,0,0.0,0,139.8,38.7,31.0,0.0,0,1,1,0,0
0.577,0,0,0.0,0,139.8,38.7,31.1,0.0,0,1,1,0,0
0.716,0,0,0.0,0,139.8,38.7,31.1,0.0,0,1,1,0,0
0.772,0,0,0.0,0,139.7,38.3,31.1,0.0,0,1,1,0,0
0.913,0,0,0.0,0,139.7,38.3,31.1,0.0,0,1,1,0,0
0.976,0,0,0.0,0,140.5,38.4,31.0,0.0,0,1,1,0,0
1.168,0,0,0.0,0,139.6,38.3,31.0,0.0,0,1,1,0,0
1.306,0,0,0.0,0,139.6,38.3,31.0,0.0,0,1,1,0,0
1.361,0,0,0.0,0,139.6,38.3,31.0,0.0,0,1,1,0,0
1.62,0,0,0.0,0,139.7,38.2,31.0,0.0,0,1,1,0,0
1.676,0,0,0.0,0,139.7,38.2,31.0,0.0,0,1,1,0,0
1.762,0,0,0.0,0,139.9,38.5,31.0,0.0,0,1,1,0,0
1.826,0,0,0.0,0,139.9,38.5,31.0,0.0,0,1,1,0,0
2.037,0,0,0.0,0,139.9,38.5,31.0,0.0,0,1,1,0,0
2.095,0,0,0.0,0,139.9,38.5,31.0,0.0,0,1,1,0,0
2.261,0,0,0.0,0,139.9,38.5,31.0,0.0,0,1,1,0,0
2.316,0,0,0.0,0,139.9,38.5,31.0,0.0,0,1,1,0,0
2.464,0,0,0.0,0,139.9,38.5,31.0,0.0,0,1,1,0,0
2.519,0,0,0.0,0,139.9,38.5,31.0,0.0,0,1,1,0,0
2.574,0,0,0.0,0,139.9,38.5,31.0,0.0,0,1,1,0,0
2.715,0,0,0.0,0,139.7,38.9,30.9,0.0,0,1,1,0,0
2.933,0,0,0.0,0,139.7,38.9,30.9,0.0,0,1,1,0,0
2.995,0,0,0.0,0,139.7,38.9,30.9,0.0,0,1,1,0,0
3.163,0,0,0.0,0,139.7,38.9,30.9,0.0,0,1,1,0,0
3.218,0,0,0.0,0,139.7,38.9,30.9,0.0,0,1,1,0,0
3.355,0,0,0.0,0,139.7,38.9,30.9,0.0,0,1,1,0,0
3.41,0,0,0.0,0,140.0,39.0,30.9,0.0,0,1,1,0,0
3.613,0,0,0.0,0,139.3,39.1,30.9,0.0,0,1,1,0,0
3.668,0,0,0.0,0,139.6,38.9,30.9,0.0,0,1,1,0,0
3.807,0,0,0.0,0,139.6,38.9,30.9,0.0,0,1,1,0,0
3.865,0,0,0.0,0,139.9,39.1,30.9,0.0,0,1,1,0,0
4.066,0,0,0.0,0,139.2,39.2,30.9,0.0,0,1,1,0,0
4.262,0,0,0.0,0,139.4,39.3,30.9,0.0,0,1,1,0,0
4.463,0,0,0.0,0,139.5,39.3,30.9,0.0,0,1,1,0,0
4.519,0,0,0.0,0,139.7,39.1,30.9,0.0,0,1,1,0,0
4.715,0,0,0.0,0,139.5,38.7,30.9,0.0,0,1,1,0,0
4.908,0,0,0.0,0,139.6,38.6,30.9,0.0,0,1,1,0,0
4.971,0,0,0.0,0,139.6,38.6,30.9,0.0,0,1,1,0,0
5.112,0,0,0.0,0,139.6,38.6,30.9,0.0,0,1,1,0,0
5.167,0,0,0.0,0,139.4,38.6,30.8,0.0,0,1,1,0,0
5.313,0,0,0.0,0,139.4,38.6,30.8,0.0,0,1,1,0,0
5.368,0,0,0.0,0,139.8,38.7,30.8,0.0,0,1,1,0,0
5.956,0,0,0.0,0,139.5,38.7,30.8,0.0,0,1,1,0,0
6.012,0,0,0.0,0,139.2,38.6,30.6,0.0,0,1,1,0,0
6.228,0,0,0.0,0,139.5,38.5,30.6,0.0,0,1,1,0,0
6.507,0,0,0.0,0,139.9,38.5,30.8,0.0,0,1,1,0,0
6.562,0,0,0.0,0,139.9,38.5,30.8,0.0,0,1,1,0,0
6.759,0,0,0.0,0,139.3,38.6,30.8,0.0,0,1,1,0,0
6.965,0,0,0.0,0,139.8,38.6,30.8,0.0,0,1,1,0,0
7.024,0,0,0.0,0,139.2,38.4,30.6,0.0,0,1,1,0,0
7.221,0,0,0.0,0,139.5,38.5,30.6,0.0,0,1,1,0,0
7.304,0,0,0.0,0,139.3,38.6,30.6,0.0,0,1,1,0,0
7.361,0,0,0.0,0,139.3,38.6,30.6,0.0,0,1,1,0,0
7.562,0,0,0.0,0,139.2,38.7,30.6,0.0,0,1,1,0,0
7.617,0,0,0.0,0,139.2,38.7,30.6,0.0,0,1,1,0,0
7.758,0,0,0.0,0,139.6,38.9,30.6,0.0,0,1,1,0,10922
7.955,0,0,0.0,0,139.8,38.9,30.6,0.0,0,1,1,0,10922
8.017,0,0,0.0,0,139.2,39.0,30.6,0.0,0,1,1,0,10922
8.211,0,0,0.0,0,139.1,39.0,30.6,0.0,0,1,1,0,10922
8.352,0,0,0.0,0,139.1,39.0,30.6,0.0,0,1,1,0,10922
8.407,0,0,0.0,0,139.3,39.1,30.6,0.0,0,1,1,0,10922
8.609,0,0,0.0,0,139.7,39.0,30.4,0.0,0,1,1,0,10922
8.664,0,0,0.0,0,139.7,39.0,30.4,0.0,0,1,1,0,10922
8.805,0,0,0.0,0,139.8,39.0,30.4,0.0,0,1,1,0,10922
8.998,0,0,0.0,0,139.6,38.9,30.4,0.0,0,1,1,0,10922
9.06,0,0,0.0,0,139.1,38.6,30.4,0.0,0,1,1,0,10922
9.271,0,0,0.0,0,139.9,38.7,30.4,0.0,0,1,1,0,10922
9.575,0,0,0.0,0,139.8,38.7,30.6,0.0,0,1,1,0,10922
9.63,0,0,0.0,0,140.0,38.9,30.6,0.0,0,1,1,0,10922
9.77,0,0,0.0,0,140.0,38.9,30.6,0.0,0,1,1,0,10922
9.798,0,0,0.0,0,139.5,38.9,30.6,0.0,0,1,1,0,10922
9.853,0,0,0.0,0,139.5,38.9,30.6,0.0,0,1,1,0,10922
10.057,0,0,0.0,0,139.2,38.9,30.6,0.0,0,1,1,0,10922
10.112,0,0,0.0,0,140.5,38.9,31.0,0.0,0,1,1,0,10922
10.447,0,0,0.0,0,139.8,38.6,31.0,0.0,0,1,1,0,10922
10.502,0,0,0.0,0,140.0,38.6,30.9,0.0,0,1,1,0,10922
10.7,0,0,0.0,0,140.0,38.5,30.9,0.0,0,1,1,0,10922
10.756,0,0,0.0,0,139.9,38.4,30.9,0.0,0,1,1,0,10922
10.896,0,0,0.0,0,139.9,38.4,30.9,0.0,0,1,1,0,10922
10.952,0,0,0.0,0,139.6,38.2,30.6,0.0,0,1,1,0,10922
11.155,0,0,0.0,0,139.6,38.2,30.6,0.0,0,1,1,0,10922
11.211,0,0,0.0,0,140.2,38.2,30.6,0.0,0,1,1,0,10922
11.349,0,0,0.0,0,140.2,38.2,30.6,0.0,0,1,1,0,32768
11.404,0,0,0.0,0,139.8,38.4,30.6,0.0,0,1,1,0,32768
11.551,0,0,0.0,0,139.8,38.4,30.6,0.0,0,1,1,0,32768
11.606,0,0,0.0,0,139.6,38.3,30.5,0.0,0,1,1,0,32768
11.802,0,0,0.0,0,139.5,38.6,30.5,0.0,0,1,1,0,32768
11.996,0,0,0.0,0,139.7,38.6,30.5,0.0,0,1,1,0,32768
12.06,0,0,0.0,0,139.3,38.9,30.5,0.0,0,1,1,0,32768
12.253,0,0,0.0,0,139.4,39.0,30.5,0.0,0,1,1,0,32768
12.394,0,0,0.0,0,139.4,39.0,30.5,0.0,0,1,1,0,32768
12.449,0,0,0.0,0,139.4,38.9,30.5,0.0,0,1,1,0,32768
12.652,0,0,0.0,0,140.3,38.9,30.5,0.0,0,1,1,0,32768
12.715,0,0,0.0,0,140.0,38.6,30.5,0.0,0,1,1,0,32768
12.883,0,0,0.0,0,139.7,38.3,30.4,0.0,0,1,1,0,32768
13.03,0,0,0.0,0,139.4,38.3,30.4,0.0,0,1,1,0,32768
13.113,0,0,0.0,0,140.0,38.2,30.4,0.0,0,1,1,0,32768
13.196,0,0,0.0,0,139.7,38.2,30.4,0.0,0,1,1,0,32768
13.254,0,0,0.0,0,140.0,37.7,30.4,0.0,0,1,1,0,32768
13.392,0,0,0.0,0,140.0,37.7,30.4,0.0,0,1,1,0,32768
13.448,0,0,0.0,0,139.8,37.8,30.3,0.0,0,1,1,0,32768
13.65,0,0,0.0,0,139.5,37.8,30.3,0.0,0,1,1,0,32768
13.706,0,0,0.0,0,139.6,37.6,30.3,0.0,0,1,1,0,32768
13.846,0,0,0.0,0,139.6,37.0,30.1,0.0,0,1,1,0,32768
14.105,0,0,0.0,0,139.2,37.2,30.1,0.0,0,1,1,0,32768
14.299,0,0,0.0,0,139.8,37.3,30.3,0.0,0,1,1,0,32768
14.496,0,0,0.0,0,139.4,37.7,30.3,0.0,0,1,1,0,32768
14.758,0,0,0.0,0,139.3,38.0,30.4,0.0,0,1,1,0,32768
14.896,14,0,0.0,0,139.5,38.0,30.4,0.0,0,1,1,0,32768
15.1,101,-1,-0.7000000000000455,2,139.7,38.4,30.4,0.0,0,1,1,0,32768
15.155,135,0,0.2999999999999545,5,139.7,38.4,30.4,0.0,0,1,1,0,32768
15.296,211,0,0.20000000000004547,6,139.2,38.4,30.5,0.0,0,1,1,0,32768
15.553,342,0,0.20000000000004547,5,139.5,39.2,30.5,0.0,0,1,1,0,32768
15.997,540,0,0.39999999999997726,12,138.7,39.0,30.3,0.0,0,1,1,0,32768
16.224,518,0,0.39999999999997726,15,139.1,38.9,30.1,0.0,0,1,1,0,32768
17.395,4826,658,58.200000000000045,108,133.1,38.2,30.1,0.0,0,1,1,0,32768
17.989,6484,2173,53.700000000000045,386,130.0,38.3,30.3,0.0,0,1,1,0,32768
18.051,6665,2240,53.40000000000009,400,129.5,38.3,30.3,0.0,0,1,1,0,32768
18.193,7074,2722,55.799999999999955,465,129.4,38.3,30.3,0.0,0,1,1,0,32768
18.248,6527,2640,52.299999999999955,481,130.1,38.5,30.3,0.0,0,1,1,0,32768
18.387,7037,3123,54.200000000000045,549,130.1,38.5,30.3,0.0,0,1,1,0,32768
18.442,6864,3162,53.799999999999955,560,128.0,38.5,30.3,0.0,0,1,1,0,32768
18.589,7459,3691,55.200000000000045,638,128.0,38.5,30.3,0.0,0,1,1,0,32768
18.644,7045,3716,55.09999999999991,643,126.8,38.3,30.3,0.0,0,1,1,0,32768
18.699,7857,3932,56.0,669,126.8,38.3,30.3,0.0,0,1,1,0,32768
18.84,7796,4087,53.59999999999991,727,126.8,38.3,30.3,0.0,0,1,1,0,32768
19.044,7412,4468,52.799999999999955,807,126.3,38.3,30.3,0.0,0,1,1,0,32768
19.099,7704,4364,49.90000000000009,833,124.8,38.4,30.3,0.0,0,1,1,0,32768
19.293,9281,5322,55.299999999999955,918,123.5,38.3,30.3,0.0,0,1,1,0,32768
19.433,8185,5323,51.59999999999991,983,123.5,38.3,30.3,0.0,0,1,1,0,32768
19.511,9462,5289,50.5,998,121.7,38.4,30.4,0.0,0,1,1,0,32768
19.713,9491,6118,54.299999999999955,1074,123.5,38.6,30.4,0.0,0,1,1,0,32768
19.796,9094,6104,52.299999999999955,1114,123.5,38.6,30.4,0.0,0,1,1,0,32768
19.879,9083,6906,56.0,1176,123.5,38.6,30.4,0.0,0,1,1,0,32768
19.954,10226,6902,55.299999999999955,1190,119.5,38.3,30.4,0.0,0,1,1,0,32768
20.155,10153,7785,58.40000000000009,1271,119.5,38.3,30.4,0.0,0,1,1,0,32768
20.24,10121,7664,56.299999999999955,1299,118.5,38.6,30.5,0.0,0,1,1,0,32768
20.296,11753,7432,53.700000000000045,1320,118.5,38.6,30.5,0.0,0,1,1,0,32768
20.433,11624,8190,55.90000000000009,1396,118.5,38.6,30.5,0.0,0,1,1,0,32768
20.489,12290,8448,56.799999999999955,1419,118.5,38.6,30.5,0.0,0,1,1,0,32768
20.637,11803,8485,54.90000000000009,1473,118.5,38.6,30.5,0.0,0,1,1,0,32768
20.692,11280,8289,53.09999999999991,1490,113.1,38.4,30.8,0.0,0,1,1,0,32768
20.747,11254,8588,54.299999999999955,1508,113.1,38.4,30.8,0.0,0,1,1,0,32768
20.834,12691,9053,55.5,1555,113.1,38.4,30.8,0.0,0,1,1,0,32768
20.889,12776,9687,59.0,1567,113.1,38.4,30.8,0.0,0,1,1,0,32768
21.085,12705,9461,54.59999999999991,1653,113.1,38.4,30.8,0.0,0,1,1,0,32768
21.289,11395,9824,54.299999999999955,1725,113.1,38.4,30.8,0.0,0,1,1,0,32768
21.344,11373,10265,55.799999999999955,1753,113.1,38.4,30.8,0.0,0,1,1,0,32768
21.43,13055,11002,58.40000000000009,1797,108.8,39.2,30.9,0.0,0,1,1,0,32768
21.486,13789,10217,54.200000000000045,1797,108.8,39.2,30.9,0.0,0,1,1,0,32768
21.689,14244,11596,59.0,1874,108.8,39.2,30.9,0.0,0,1,1,0,32768
21.748,13668,10173,51.299999999999955,1891,108.8,39.2,30.9,0.0,0,1,1,0,32768
21.887,12309,9925,48.700000000000045,1943,109.7,39.3,30.9,0.0,0,1,1,0,32768
22.089,13619,10193,48.200000000000045,2018,109.6,39.8,30.9,0.0,0,1,1,0,32768
22.144,12821,10275,48.09999999999991,2036,109.6,39.8,30.9,0.0,0,1,1,0,32768
22.285,12110,10200,46.799999999999955,2079,110.4,39.7,31.0,0.0,0,1,1,0,32768
22.479,10059,10150,45.0,2150,110.0,39.8,30.6,0.0,0,1,1,0,32768
22.538,11821,10354,45.700000000000045,2160,110.6,40.0,30.5,0.0,0,1,1,0,32768
22.736,11332,10023,43.09999999999991,2218,111.4,40.0,30.5,0.0,0,1,1,0,32768
22.8,12478,8984,38.5,2228,111.4,40.0,30.5,0.0,0,1,1,0,32768
22.953,10469,9481,39.90000000000009,2267,112.6,39.9,30.4,0.0,0,1,1,0,32768
23.098,9773,8599,35.40000000000009,2313,113.1,39.9,30.4,0.0,0,1,1,0,32768
23.183,10190,9066,37.200000000000045,2323,113.5,39.9,30.4,0.0,0,1,1,0,32768
23.239,9634,9103,37.0,2345,114.3,40.0,31.0,0.0,1,0,1,0,10922
23.377,10208,9146,36.799999999999955,2370,114.3,40.0,31.0,0.0,1,0,1,0,10922
23.432,9808,8424,33.90000000000009,2371,115.2,39.9,31.1,0.0,1,0,1,0,10922
23.641,8789,8417,33.09999999999991,2425,115.2,39.9,31.1,0.0,1,0,1,0,10922
23.696,10022,8529,33.40000000000009,2432,115.2,40.1,31.0,0.0,1,0,1,0,10922
23.837,8304,8367,32.5,2457,116.0,40.3,31.4,0.0,1,0,1,0,10922
23.984,8390,8406,32.299999999999955,2480,116.0,40.3,31.4,0.0,1,0,1,0,10922
24.04,8541,8278,31.700000000000045,2486,116.8,40.0,32.0,0.0,1,0,1,0,10922
24.191,8736,8229,31.200000000000045,2511,116.9,40.0,32.0,0.0,1,0,1,0,10922
24.526,7761,7944,29.59999999999991,2556,118.3,39.6,32.4,0.0,1,0,1,0,10922
24.581,8445,7456,27.799999999999955,2560,117.8,40.5,32.5,0.0,1,0,1,0,10922
24.784,7400,7710,28.40000000000009,2586,118.5,40.5,32.5,0.0,1,0,1,0,10922
24.839,7428,7349,26.90000000000009,2600,118.2,40.3,32.0,0.0,1,0,1,0,10922
24.98,8007,7276,26.5,2619,119.2,40.5,32.1,0.0,1,0,1,0,10922
25.182,7213,6948,25.200000000000045,2631,119.8,40.4,32.3,0.0,1,0,1,0,10922
25.236,7159,7123,25.90000000000009,2623,119.4,40.6,32.4,0.0,1,0,1,0,10922
25.374,7624,7067,25.40000000000009,2650,119.9,40.5,32.4,0.0,1,0,1,0,10922
25.626,6670,6557,23.299999999999955,2681,119.9,40.9,32.7,0.0,1,0,1,0,10922
25.681,7204,6602,23.5,2675,119.9,40.9,32.7,0.0,1,0,1,0,10922
25.877,6295,6547,23.200000000000045,2692,120.4,41.2,33.1,0.0,1,0,1,0,10922
26.074,6277,6600,23.100000000000023,2724,121.0,41.2,33.0,0.0,1,0,1,0,10922
26.14,6644,6393,22.399999999999977,2716,99.6,40.6,33.1,0.0,1,0,1,0,10922
26.353,-502,-181,-0.7000000000000455,2698,107.8,40.6,33.1,0.0,1,0,1,0,10922
26.411,-802,-448,-1.6000000000000227,2699,107.8,40.6,33.1,0.0,1,0,1,0,10922
26.583,-683,-225,-0.8999999999999773,2658,107.0,41.1,33.1,0.0,1,0,1,0,10922
26.724,-523,-185,-0.7000000000000455,2625,109.1,40.1,33.0,0.0,1,0,1,0,10922
26.781,-895,-502,-1.8999999999999773,2634,105.6,40.0,33.1,0.0,1,0,1,0,10922
26.977,-889,-388,-1.5,2596,103.8,40.1,33.6,0.0,1,0,1,0,10922
27.18,-742,-407,-1.6000000000000227,2561,102.5,40.0,33.7,0.0,1,0,1,0,10922
27.244,-567,-295,-1.1000000000000227,2585,103.2,40.6,33.1,0.0,1,0,1,0,10922
27.444,-778,-354,-1.3999999999999773,2531,103.2,40.6,33.1,0.0,1,0,1,0,10922
27.533,-506,-263,-1.1000000000000227,2501,101.2,40.7,33.4,0.0,1,0,1,0,10922
27.731,-518,-337,-1.3999999999999773,2459,98.3,40.4,33.7,0.0,1,0,1,0,10922
27.873,-861,-425,-1.7000000000000455,2413,98.3,40.4,33.7,0.0,1,0,1,0,10922
27.928,-610,-412,-1.7000000000000455,2409,97.1,40.4,33.6,0.0,1,0,1,0,10922
28.128,-429,-326,-1.3999999999999773,2363,94.6,41.7,33.5,0.0,1,0,1,0,10922
28.331,-418,-324,-1.3999999999999773,2317,92.4,41.2,34.0,0.0,1,0,1,0,10922
28.527,-591,-406,-1.7999999999999545,2250,90.6,41.3,32.6,0.0,1,0,1,0,10922
28.725,-293,-164,-0.7999999999999545,2228,88.4,37.3,32.7,0.0,1,0,1,0,10922
28.918,-335,-159,-0.7999999999999545,2162,87.7,37.3,32.7,0.0,1,0,1,0,10922
28.973,-527,-292,-1.2999999999999545,2142,85.8,37.6,32.7,0.0,1,0,1,0,10922
29.171,-581,-380,-1.7999999999999545,2074,85.2,37.6,32.5,0.0,1,0,1,0,10922
29.226,-519,-285,-1.3999999999999773,2069,83.1,38.0,32.3,0.0,1,0,1,0,10922
29.375,-548,-401,-1.8999999999999773,2027,83.1,38.0,32.3,0.0,1,0,1,0,10922
29.435,-470,-364,-1.7999999999999545,2033,80.4,37.9,32.4,0.0,1,0,1,0,10922
29.658,0,-6,-0.10000000000002274,2169,72.3,37.3,32.7,0.0,1,0,1,0,10922
29.824,0,-6,-0.10000000000002274,2169,64.5,37.8,32.6,0.0,1,0,1,0,10922
30.02,0,-6,-0.10000000000002274,2169,62.7,37.7,32.6,0.0,1,0,1,0,10922
30.217,0,-6,-0.10000000000002274,2169,62.7,37.7,32.6,0.0,1,0,1,0,10922
30.272,0,-6,-0.10000000000002274,2169,62.4,41.2,32.5,0.0,1,0,1,0,10922
30.465,0,-6,-0.10000000000002274,2169,61.0,41.1,32.6,0.0,1,0,1,0,10922
30.523,0,-6,-0.10000000000002274,2169,59.4,41.2,32.7,0.0,1,0,1,0,10922
30.717,0,-6,-0.10000000000002274,2169,59.0,41.2,32.7,0.0,1,0,1,0,10922
30.983,0,-6,-0.10000000000002274,2169,57.4,41.4,32.7,0.0,1,0,1,0,10922
31.318,0,-6,-0.10000000000002274,2169,55.4,41.8,32.9,0.0,1,0,1,0,10922
31.514,0,-6,-0.10000000000002274,2169,54.9,41.8,32.9,0.0,1,0,1,0,10922
31.569,0,-6,-0.10000000000002274,2169,54.2,41.8,32.9,0.0,1,0,1,0,10922
31.765,0,-6,-0.10000000000002274,2169,52.2,42.0,33.0,0.0,1,0,1,0,10922
31.821,0,-6,-0.10000000000002274,2169,52.2,42.0,33.0,0.0,1,0,1,0,10922
32.016,0,-6,-0.10000000000002274,2169,51.5,41.9,33.0,0.0,1,0,1,0,10922
32.213,0,-6,-0.10000000000002274,2169,51.6,41.9,33.0,0.0,1,0,1,0,10922
32.268,0,-6,-0.10000000000002274,2169,50.3,41.9,33.0,0.0,1,0,1,0,10922
32.521,0,-6,-0.10000000000002274,2169,49.3,41.7,33.0,0.0,1,0,1,0,10922
32.716,0,-6,-0.10000000000002274,2169,48.1,41.7,33.0,0.0,1,0,1,0,10922
32.99,0,-6,-0.10000000000002274,2169,47.7,41.8,32.9,0.0,1,0,1,0,10922
33.242,0,-6,-0.10000000000002274,2169,45.9,42.3,32.7,0.0,1,0,1,0,10922
33.301,0,-6,-0.10000000000002274,2169,45.9,42.3,32.7,0.0,1,0,1,0,10922
33.625,0,-6,-0.10000000000002274,2169,44.3,42.3,32.6,0.0,1,0,1,0,10922
33.766,0,-6,-0.10000000000002274,2169,43.6,42.3,32.7,0.0,1,0,1,0,10922
34.025,0,-6,-0.10000000000002274,2169,42.8,42.4,32.7,32.40711070420386,1,0,1,0,0
34.219,0,-6,-0.10000000000002274,2169,42.3,42.4,32.6,32.40711070420386,1,0,1,0,0
34.422,0,-6,-0.10000000000002274,2169,41.3,42.4,32.7,32.40711070420386,1,0,1,0,0
35.367,0,-6,-0.10000000000002274,2169,37.7,41.6,32.7,32.40711070420386,1,0,1,0,0
35.76,0,-6,-0.10000000000002274,2169,37.2,41.4,32.6,32.40711070420386,1,0,1,0,0
35.815,0,-6,-0.10000000000002274,2169,36.8,41.4,32.6,32.40711070420386,1,0,1,0,0
35.953,0,-6,-0.10000000000002274,2169,36.8,41.4,32.6,32.40711070420386,1,0,1,0,0
36.008,0,-6,-0.10000000000002274,2169,35.7,41.3,32.6,32.40711070420386,1,0,1,0,0
36.226,0,-6,-0.10000000000002274,2169,35.4,41.2,32.6,32.40711070420386,1,0,1,0,0
36.281,0,-6,-0.10000000000002274,2169,35.4,41.2,32.6,32.40711070420386,1,0,1,0,0
36.422,0,-6,-0.10000000000002274,2169,35.6,41.4,32.6,32.40711070420386,1,0,1,0,0
36.505,0,-6,-0.10000000000002274,2169,35.6,41.4,32.6,32.40711070420386,1,0,1,0,0
36.56,0,-6,-0.10000000000002274,2169,34.7,41.7,32.6,32.40711070420386,1,0,1,0,0
36.764,0,-6,-0.10000000000002274,2169,34.7,41.7,32.6,32.40711070420386,1,0,1,0,0
36.819,0,-6,-0.10000000000002274,2169,34.7,41.7,32.6,32.40711070420386,1,0,1,0,0
36.96,0,-6,-0.10000000000002274,2169,32.6,41.6,32.7,32.40711070420386,1,0,1,0,0
37.164,0,-6,-0.10000000000002274,2169,32.6,41.6,32.7,32.40711070420386,1,0,1,0,0
37.222,0,-6,-0.10000000000002274,2169,32.6,41.6,32.7,32.40711070420386,1,0,1,0,0
37.36,0,-6,-0.10000000000002274,2169,32.1,41.7,32.6,32.40711070420386,1,0,1,0,0
37.562,0,-6,-0.10000000000002274,2169,32.1,41.7,32.6,32.40711070420386,1,0,1,0,0
37.619,0,-6,-0.10000000000002274,2169,32.1,41.7,32.6,32.40711070420386,1,0,1,0,0
37.758,0,-6,-0.10000000000002274,2169,30.7,41.9,32.5,28.47180895704585,1,0,1,0,0
37.954,0,-6,-0.10000000000002274,2169,30.7,41.9,32.5,28.47180895704585,1,0,1,0,0
38.026,0,-6,-0.10000000000002274,2169,30.7,41.9,32.5,28.47180895704585,1,0,1,0,0
38.167,0,-6,-0.10000000000002274,2169,30.7,41.9,32.5,28.47180895704585,1,0,1,0,0
38.222,0,-6,-0.10000000000002274,2169,30.7,41.9,32.5,28.47180895704585,1,0,1,0,0
38.305,0,-6,-0.10000000000002274,2169,28.7,42.5,32.5,28.47180895704585,1,0,1,0,0
38.36,0,-6,-0.10000000000002274,2169,28.7,42.5,32.5,28.47180895704585,1,0,1,0,0
38.501,0,-6,-0.10000000000002274,2169,28.7,42.5,32.5,28.47180895704585,1,0,1,0,0
38.562,0,-6,-0.10000000000002274,2169,28.7,42.5,32.5,28.47180895704585,1,0,1,0,0
38.759,0,-6,-0.10000000000002274,2169,28.7,42.5,32.5,28.47180895704585,1,0,1,0,0
38.814,0,-6,-0.10000000000002274,2169,28.7,42.3,32.5,28.47180895704585,1,0,1,0,0
38.952,0,-6,-0.10000000000002274,2169,28.7,42.3,32.5,28.47180895704585,1,0,1,0,0
39.203,0,-6,-0.10000000000002274,2169,27.8,42.5,32.5,28.47180895704585,1,0,1,0,0
39.4,0,-6,-0.10000000000002274,2169,27.6,42.5,32.5,28.47180895704585,1,0,1,0,0
39.477,0,-6,-0.10000000000002274,2169,26.9,42.4,32.5,28.47180895704585,1,0,1,0,0
39.673,0,-6,-0.10000000000002274,2169,27.0,42.4,32.4,28.47180895704585,1,0,1,0,0
39.756,0,-6,-0.10000000000002274,2169,27.0,42.4,32.4,28.47180895704585,1,0,1,0,0
39.948,0,-6,-0.10000000000002274,2169,26.0,42.4,32.3,28.47180895704585,1,0,1,0,0
40.004,0,-6,-0.10000000000002274,2169,26.0,42.4,32.3,28.47180895704585,1,0,1,0,0
40.2,0,-6,-0.10000000000002274,2169,26.4,42.4,32.3,28.47180895704585,1,0,1,0,0
40.255,0,-6,-0.10000000000002274,2169,26.0,42.6,32.3,28.47180895704585,1,0,1,0,0
40.451,0,-6,-0.10000000000002274,2169,26.1,42.6,32.1,28.47180895704585,1,0,1,0,0
40.506,0,-6,-0.10000000000002274,2169,25.3,42.5,32.0,28.47180895704585,1,0,1,0,0
40.702,0,-6,-0.10000000000002274,2169,24.6,42.4,32.0,28.47180895704585,1,0,1,0,0
40.951,0,-6,-0.10000000000002274,2169,24.7,42.5,32.0,28.47180895704585,1,0,1,0,0
41.147,0,-6,-0.10000000000002274,2169,24.0,42.4,32.0,28.47180895704585,1,0,1,0,0
41.203,0,-6,-0.10000000000002274,2169,24.3,42.3,32.0,28.47180895704585,1,0,1,0,0
41.399,0,-6,-0.10000000000002274,2169,23.8,42.3,32.0,28.47180895704585,1,0,1,0,0
41.454,0,-6,-0.10000000000002274,2169,23.4,42.2,32.0,28.47180895704585,1,0,1,0,0
41.665,0,-6,-0.10000000000002274,2169,23.0,42.0,32.0,0.0,1,0,1,0,0
41.72,0,-6,-0.10000000000002274,2169,23.0,42.0,32.0,0.0,1,0,1,0,0
41.861,0,-6,-0.10000000000002274,2169,23.0,42.0,32.0,0.0,1,0,1,0,0
41.999,0,-6,-0.10000000000002274,2169,22.2,42.2,32.1,0.0,1,0,1,0,0
42.055,0,-6,-0.10000000000002274,2169,22.2,42.2,32.1,0.0,1,0,1,0,0
42.196,0,-6,-0.10000000000002274,2169,22.2,42.2,32.1,0.0,1,0,1,0,0
42.251,0,-6,-0.10000000000002274,2169,22.3,42.2,32.3,0.0,1,0,1,0,0
42.447,0,-6,-0.10000000000002274,2169,22.2,42.2,32.3,0.0,1,0,1,0,0
42.502,0,-6,-0.10000000000002274,2169,21.8,42.2,32.1,0.0,1,0,1,0,0
42.695,0,-6,-0.10000000000002274,2169,21.9,42.2,32.1,0.0,1,0,1,0,0
42.779,0,-6,-0.10000000000002274,2169,22.3,42.2,32.1,0.0,1,0,1,0,0
42.973,0,-6,-0.10000000000002274,2169,21.4,42.3,32.1,0.0,1,0,1,0,0
43.197,0,-6,-0.10000000000002274,2169,21.0,42.3,32.0,0.0,1,0,1,0,0
43.252,0,-6,-0.10000000000002274,2169,21.0,42.3,32.0,0.0,1,0,1,0,0
43.448,0,-6,-0.10000000000002274,2169,21.0,42.3,32.0,0.0,1,0,1,0,0
43.644,0,-6,-0.10000000000002274,2169,20.8,42.2,32.1,0.0,1,0,1,0,0
43.7,0,-6,-0.10000000000002274,2169,20.3,42.3,32.0,0.0,1,0,1,0,0
43.896,0,-6,-0.10000000000002274,2169,20.5,42.3,32.0,0.0,1,0,1,0,0
43.951,0,-6,-0.10000000000002274,2169,20.7,42.5,32.0,0.0,1,0,1,0,0
44.145,0,-6,-0.10000000000002274,2169,20.2,42.5,32.0,0.0,1,0,1,0,0
44.397,0,-6,-0.10000000000002274,2169,19.5,42.6,32.0,0.0,1,0,1,0,0
44.593,0,-6,-0.10000000000002274,2169,19.4,42.6,32.0,0.0,1,0,1,0,0
44.648,0,-6,-0.10000000000002274,2169,19.8,42.6,32.0,0.0,1,0,1,0,0
44.845,0,-6,-0.10000000000002274,2169,19.2,42.6,32.0,0.0,1,0,1,0,0
44.9,0,-6,-0.10000000000002274,2169,19.2,42.6,32.0,0.0,1,0,1,0,0
45.041,0,-6,-0.10000000000002274,2169,19.2,42.6,32.0,0.0,1,0,1,0,0
45.096,0,-6,-0.10000000000002274,2169,19.1,42.6,31.9,0.0,1,0,1,0,0
45.305,0,-6,-0.10000000000002274,2169,18.6,42.6,31.9,0.0,1,0,1,0,0
45.363,0,-6,-0.10000000000002274,2169,18.3,42.5,32.0,0.0,1,0,1,0,0
45.642,0,-6,-0.10000000000002274,2169,18.4,42.3,32.0,0.0,1,0,1,0,0
45.697,0,-6,-0.10000000000002274,2169,18.1,42.4,32.0,0.0,1,0,1,0,0
45.891,0,-6,-0.10000000000002274,2169,17.8,42.5,32.0,0.0,1,0,1,0,0
46.179,0,-6,-0.10000000000002274,2169,17.4,42.5,32.0,0.0,1,0,1,0,0
46.319,0,-6,-0.10000000000002274,2169,17.8,42.5,32.0,0.0,1,0,1,0,0
46.347,0,-6,-0.10000000000002274,2169,17.8,42.5,32.0,0.0,1,0,1,0,0
46.543,0,-6,-0.10000000000002274,2169,17.1,42.4,31.9,0.0,1,0,1,0,0
46.794,0,-6,-0.10000000000002274,2169,17.6,42.5,31.9,0.0,1,0,1,0,0
46.987,0,-6,-0.10000000000002274,2169,16.9,42.5,31.9,0.0,1,0,1,0,0
47.042,0,-6,-0.10000000000002274,2169,16.7,42.5,31.8,0.0,1,0,1,0,0
47.234,0,-6,-0.10000000000002274,2169,16.4,42.5,31.8,0.0,1,0,1,0,0
47.29,0,-6,-0.10000000000002274,2169,16.7,42.4,31.8,0.0,1,0,1,0,0
47.541,0,-6,-0.10000000000002274,2169,15.9,42.4,31.8,0.0,1,0,1,0,0
47.737,0,-6,-0.10000000000002274,2169,16.6,42.3,31.6,0.0,1,0,1,0,0
47.792,0,-6,-0.10000000000002274,2169,16.2,42.3,31.8,0.0,1,0,1,0,0
47.988,0,-6,-0.10000000000002274,2169,15.7,42.3,31.8,0.0,1,0,1,0,0
48.043,0,-6,-0.10000000000002274,2169,15.5,42.4,31.8,0.0,1,0,1,0,0
48.239,0,-6,-0.10000000000002274,2169,15.8,42.3,31.8,0.0,1,0,1,0,0
48.488,0,-6,-0.10000000000002274,2169,15.2,42.3,31.8,0.0,1,0,1,0,0
48.748,0,-6,-0.10000000000002274,2169,15.3,42.2,31.6,0.0,1,0,1,0,0
48.952,0,-6,-0.10000000000002274,2169,15.3,42.0,31.6,0.0,1,0,1,0,0
49.007,0,-6,-0.10000000000002274,2169,15.3,42.0,31.6,0.0,1,0,1,0,0
49.092,0,-6,-0.10000000000002274,2169,14.7,42.2,31.6,0.0,1,0,1,0,0
49.285,0,-6,-0.10000000000002274,2169,14.0,42.2,31.6,0.0,1,0,1,0,0
49.362,0,-6,-0.10000000000002274,2169,14.0,42.2,31.6,0.0,1,0,1,0,0
49.559,0,-6,-0.10000000000002274,2169,14.3,42.0,31.6,0.0,1,0,1,0,0
49.642,0,-6,-0.10000000000002274,2169,14.3,42.0,31.6,0.0,1,0,1,0,0
49.838,0,-6,-0.10000000000002274,2169,14.5,42.3,31.6,0.0,1,0,1,0,0
50.034,0,-6,-0.10000000000002274,2169,14.0,42.2,31.6,0.0,1,0,1,0,0
50.089,0,-6,-0.10000000000002274,2169,14.1,42.0,31.6,0.0,1,0,1,0,0
50.285,0,-6,-0.10000000000002274,2169,14.5,42.0,31.6,0.0,1,0,1,0,0
50.34,0,-6,-0.10000000000002274,2169,13.9,42.2,31.8,0.0,1,0,1,0,0
50.536,0,-6,-0.10000000000002274,2169,13.5,42.0,31.8,0.0,1,0,1,0,0
50.785,0,-6,-0.10000000000002274,2169,13.4,41.7,31.8,0.0,1,0,1,0,0
51.036,0,-6,-0.10000000000002274,2169,13.7,41.7,31.6,0.0,1,0,1,0,0
51.287,0,-6,-0.10000000000002274,2169,12.7,41.4,31.8,0.0,1,0,1,0,0
51.538,0,-6,-0.10000000000002274,2169,13.1,41.6,31.6,0.0,1,0,1,0,0
51.998,0,-6,-0.10000000000002274,2169,12.5,42.0,31.5,0.0,1,0,1,0,0
52.502,0,-6,-0.10000000000002274,2169,11.8,42.3,31.5,0.0,1,0,1,0,0
52.856,0,-6,-0.10000000000002274,2169,12.0,42.3,31.5,0.0,1,0,1,0,0
53.33,0,-6,-0.10000000000002274,2169,11.2,41.8,31.5,0.0,1,0,1,0,0
53.386,0,-6,-0.10000000000002274,2169,11.2,41.8,31.5,0.0,1,0,1,0,0
53.527,0,-6,-0.10000000000002274,2169,11.2,41.8,31.5,0.0,1,0,1,0,0
53.582,0,-6,-0.10000000000002274,2169,11.4,41.8,31.5,0.0,1,0,1,0,0
53.778,0,-6,-0.10000000000002274,2169,11.6,41.8,31.5,0.0,1,0,1,0,0
53.833,0,-6,-0.10000000000002274,2169,11.6,41.8,31.5,0.0,1,0,1,0,0
54.03,0,-6,-0.10000000000002274,2169,11.3,41.8,31.5,0.0,1,0,1,0,0
54.085,0,-6,-0.10000000000002274,2169,11.1,41.7,31.5,0.0,1,0,1,0,0
54.223,0,-6,-0.10000000000002274,2169,11.1,41.7,31.5,0.0,1,0,1,0,0
54.279,0,-6,-0.10000000000002274,2169,11.1,41.6,31.5,0.0,1,0,1,0,0
54.471,0,-6,-0.10000000000002274,2169,11.1,41.6,31.5,0.0,1,0,1,0,0
54.526,0,-6,-0.10000000000002274,2169,11.0,41.6,31.5,0.0,1,0,1,0,0
54.722,0,-6,-0.10000000000002274,2169,11.0,41.6,31.5,0.0,1,0,1,0,0
54.777,0,-6,-0.10000000000002274,2169,10.8,41.7,31.4,0.0,1,0,1,0,0
54.832,0,-6,-0.10000000000002274,2169,10.8,41.7,31.4,0.0,1,0,1,0,0
54.973,0,-6,-0.10000000000002274,2169,10.8,41.7,31.4,0.0,1,0,1,0,0
55.028,0,-6,-0.10000000000002274,2169,10.5,41.6,31.4,0.0,1,0,1,0,0
55.232,0,-6,-0.10000000000002274,2169,10.5,41.6,31.4,0.0,1,0,1,0,0
55.287,0,-6,-0.10000000000002274,2169,10.2,41.3,31.4,0.0,1,0,1,0,0
55.623,0,-6,-0.10000000000002274,2169,10.6,41.2,31.3,0.0,1,0,1,0,0
55.678,0,-6,-0.10000000000002274,2169,10.6,41.2,31.3,0.0,1,0,1,0,0
55.891,0,-6,-0.10000000000002274,2169,10.6,41.2,31.3,0.0,1,0,1,0,0
55.969,0,-6,-0.10000000000002274,2169,10.6,41.2,31.3,0.0,1,0,1,0,0
56.109,0,-6,-0.10000000000002274,2169,10.6,41.2,31.3,0.0,1,0,1,0,0
56.275,0,-6,-0.10000000000002274,2169,10.6,41.2,31.3,0.0,1,0,1,0,0
56.33,0,-6,-0.10000000000002274,2169,9.6,40.9,31.3,0.0,1,0,1,0,0
56.471,0,-6,-0.10000000000002274,2169,9.6,40.9,31.3,0.0,1,0,1,0,0
56.526,0,-6,-0.10000000000002274,2169,9.6,40.9,31.3,0.0,1,0,1,0,0
56.722,0,-6,-0.10000000000002274,2169,9.6,40.9,31.3,0.0,1,0,1,0,0
56.778,0,-6,-0.10000000000002274,2169,9.6,40.9,31.3,0.0,1,0,1,0,0
56.974,0,-6,-0.10000000000002274,2169,9.7,40.9,31.3,0.0,1,0,1,0,0
57.029,0,-6,-0.10000000000002274,2169,8.8,41.0,31.3,0.0,1,0,1,0,0
57.225,0,-6,-0.10000000000002274,2169,9.8,41.1,31.3,0.0,1,0,1,0,0
57.473,0,-6,-0.10000000000002274,2169,9.4,41.3,31.4,0.0,1,0,1,0,0
57.67,0,-6,-0.10000000000002274,2169,10.0,41.3,31.4,0.0,1,0,1,0,0
57.726,0,-6,-0.10000000000002274,2169,9.6,41.4,31.4,0.0,1,0,1,0,0
57.922,0,-6,-0.10000000000002274,2169,9.8,41.4,31.4,0.0,1,0,1,0,0
57.977,0,-6,-0.10000000000002274,2169,8.9,41.4,31.4,0.0,1,0,1,0,0
58.173,0,-6,-0.10000000000002274,2169,9.6,41.4,31.4,0.0,1,0,1,0,0
58.369,0,-6,-0.10000000000002274,2169,9.1,41.4,31.4,0.0,1,0,1,0,0
58.424,0,-6,-0.10000000000002274,2169,9.4,41.2,31.4,0.0,1,0,1,0,0
58.618,0,-6,-0.10000000000002274,2169,8.9,41.3,31.4,0.0,1,0,1,0,0
58.676,0,-6,-0.10000000000002274,2169,9.0,41.3,31.4,0.0,1,0,1,0,0
58.869,0,-6,-0.10000000000002274,2169,9.1,41.3,31.3,0.0,1,0,1,0,0
59.184,0,-6,-0.10000000000002274,2169,8.1,41.2,31.3,0.0,1,0,1,0,0
59.338,0,-6,-0.10000000000002274,2169,8.1,41.2,31.3,0.0,1,0,1,0,0
59.394,0,-6,-0.10000000000002274,2169,8.3,41.3,31.3,0.0,1,0,1,0,0
59.633,0,-6,-0.10000000000002274,2169,8.6,41.3,31.1,0.0,1,0,1,0,0
59.688,0,-6,-0.10000000000002274,2169,8.6,41.3,31.1,0.0,1,0,1,0,0
59.771,0,-6,-0.10000000000002274,2169,8.3,41.6,31.1,0.0,1,0,1,0,0
59.967,0,-6,-0.10000000000002274,2169,8.2,41.6,31.1,0.0,1,0,1,0,0
60.023,0,-6,-0.10000000000002274,2169,8.3,41.8,31.1,0.0,1,0,1,0,0
60.219,0,-6,-0.10000000000002274,2169,8.0,41.7,31.1,0.0,1,0,1,0,0
60.274,0,-6,-0.10000000000002274,2169,8.0,41.7,31.1,0.0,1,0,1,0,0
60.415,0,-6,-0.10000000000002274,2169,8.0,41.7,31.1,0.0,1,0,1,0,0
60.47,0,-6,-0.10000000000002274,2169,8.2,41.7,31.1,0.0,1,0,1,0,0
60.664,0,-6,-0.10000000000002274,2169,8.2,41.7,31.1,0.0,1,0,1,0,0
60.721,0,-6,-0.10000000000002274,2169,7.9,41.7,31.0,0.0,1,0,1,0,0
60.915,0,-6,-0.10000000000002274,2169,8.0,41.7,31.0,0.0,1,0,1,0,0
60.973,0,-6,-0.10000000000002274,2169,7.6,41.7,31.0,0.0,1,0,1,0,0
61.167,0,-6,-0.10000000000002274,2169,8.1,41.4,31.0,0.0,1,0,1,0,0
61.222,0,-6,-0.10000000000002274,2169,8.1,41.4,31.0,0.0,1,0,1,0,0
61.367,0,-6,-0.10000000000002274,2169,8.1,41.4,31.0,0.0,1,0,1,0,0
61.422,0,-6,-0.10000000000002274,2169,8.4,41.8,31.0,0.0,1,0,1,0,0
61.559,0,-6,-0.10000000000002274,2169,8.4,41.8,31.0,0.0,1,0,1,0,0
61.615,0,-6,-0.10000000000002274,2169,7.5,41.7,31.0,0.0,1,0,1,0,0
61.809,0,-6,-0.10000000000002274,2169,7.5,41.7,31.0,0.0,1,0,1,0,0
61.867,0,-6,-0.10000000000002274,2169,7.7,41.8,31.0,0.0,1,0,1,0,0
62.118,0,-6,-0.10000000000002274,2169,7.8,41.7,31.0,0.0,1,0,1,0,0
62.312,0,-6,-0.10000000000002274,2169,7.5,41.7,31.0,0.0,1,0,1,0,0
62.367,0,-6,-0.10000000000002274,2169,7.6,41.7,31.0,0.0,1,0,1,0,0
62.584,0,-6,-0.10000000000002274,2169,7.5,41.7,31.0,0.0,1,0,1,0,0
62.639,0,-6,-0.10000000000002274,2169,7.2,41.7,31.0,0.0,1,0,1,0,0
62.78,0,-6,-0.10000000000002274,2169,7.2,41.7,31.0,0.0,1,0,1,0,0
62.863,0,-6,-0.10000000000002274,2169,7.5,41.3,31.0,0.0,1,0,1,0,0
62.919,0,-6,-0.10000000000002274,2169,7.5,41.3,31.0,0.0,1,0,1,0,0
63.13,0,-6,-0.10000000000002274,2169,7.0,41.3,31.0,0.0,1,0,1,0,0
63.326,0,-6,-0.10000000000002274,2169,7.2,41.4,31.0,0.0,1,0,1,0,0
63.409,0,-6,-0.10000000000002274,2169,6.8,41.6,30.9,0.0,1,0,1,0,0
63.464,0,-6,-0.10000000000002274,2169,6.8,41.6,30.9,0.0,1,0,1,0,0
63.66,0,-6,-0.10000000000002274,2169,7.2,41.6,30.9,0.0,1,0,1,0,0
63.716,0,-6,-0.10000000000002274,2169,7.2,41.6,31.0,0.0,1,0,1,0,0
63.912,0,-6,-0.10000000000002274,2169,6.8,41.6,31.0,0.0,1,0,1,0,0
63.967,0,-6,-0.10000000000002274,2169,6.6,41.6,31.0,0.0,1,0,1,0,0
64.163,0,-6,-0.10000000000002274,2169,7.0,41.6,30.9,0.0,1,0,1,0,0
64.412,0,-6,-0.10000000000002274,2169,7.2,41.4,30.9,0.0,1,0,1,0,0
64.608,0,-6,-0.10000000000002274,2169,6.6,41.4,30.9,0.0,1,0,1,0,0
64.663,0,-6,-0.10000000000002274,2169,7.1,41.2,30.9,0.0,1,0,1,0,0
64.859,0,-6,-0.10000000000002274,2169,6.6,41.2,30.9,0.0,1,0,1,0,0
64.915,0,-6,-0.10000000000002274,2169,6.6,41.2,30.9,0.0,1,0,1,0,0
65.111,0,-6,-0.10000000000002274,2169,7.0,41.2,30.8,0.0,1,0,1,0,0
65.307,0,-6,-0.10000000000002274,2169,6.6,41.2,30.8,0.0,1,0,1,0,0
65.362,0,-6,-0.10000000000002274,2169,6.9,41.3,30.8,0.0,1,0,1,0,0
65.556,0,-6,-0.10000000000002274,2169,6.3,41.3,30.8,0.0,1,0,1,0,0
65.614,0,-6,-0.10000000000002274,2169,6.3,41.3,30.8,0.0,1,0,1,0,0
65.829,0,-6,-0.10000000000002274,2169,6.2,41.2,30.8,0.0,1,0,1,0,0
66.108,0,-6,-0.10000000000002274,2169,6.7,41.1,30.8,0.0,1,0,1,0,0
66.304,0,-6,-0.10000000000002274,2169,6.7,41.3,30.8,0.0,1,0,1,0,0
66.36,0,-6,-0.10000000000002274,2169,6.2,41.2,30.9,0.0,1,0,1,0,0
66.555,0,-6,-0.10000000000002274,2169,6.6,41.2,30.9,0.0,1,0,1,0,0
66.618,0,-6,-0.10000000000002274,2169,6.5,41.2,30.8,0.0,1,0,1,0,0
66.821,0,-6,-0.10000000000002274,2169,5.8,41.1,30.9,0.0,1,0,1,0,0
66.876,0,-6,-0.10000000000002274,2169,6.3,41.0,30.9,0.0,1,0,1,0,0
66.959,0,-6,-0.10000000000002274,2169,6.3,41.0,30.9,0.0,1,0,1,0,0
67.155,0,-6,-0.10000000000002274,2169,6.2,41.0,30.8,0.0,1,0,1,0,0
67.21,0,-6,-0.10000000000002274,2169,6.2,41.0,30.8,0.0,1,0,1,0,0
67.406,0,-6,-0.10000000000002274,2169,5.7,41.0,30.6,0.0,1,0,1,0,0
67.462,0,-6,-0.10000000000002274,2169,5.7,41.0,30.6,0.0,1,0,1,0,0
67.658,0,-6,-0.10000000000002274,2169,5.5,40.9,30.5,0.0,1,0,1,0,0
67.91,0,-6,-0.10000000000002274,2169,6.0,40.9,30.5,0.0,1,0,1,0,0
68.158,0,-6,-0.10000000000002274,2169,5.3,41.0,30.5,0.0,1,0,1,0,0
68.354,0,-6,-0.10000000000002274,2169,5.9,40.9,30.8,0.0,1,0,1,0,0
68.41,0,-6,-0.10000000000002274,2169,5.9,40.9,30.8,0.0,1,0,1,0,0
68.606,0,-6,-0.10000000000002274,2169,5.6,41.2,30.6,0.0,1,0,1,0,0
68.853,0,-6,-0.10000000000002274,2169,5.9,41.3,30.8,0.0,1,0,1,0,0
69.406,0,-6,-0.10000000000002274,2169,5.4,41.3,31.0,0.0,1,0,1,0,0
69.657,0,-6,-0.10000000000002274,2169,5.9,41.2,30.9,0.0,1,0,1,0,0
70.651,0,-6,-0.10000000000002274,2169,5.6,40.9,30.6,0.0,1,0,1,0,0
70.706,0,-6,-0.10000000000002274,2169,5.4,41.0,30.8,0.0,1,0,1,0,0
70.847,0,-6,-0.10000000000002274,2169,5.4,41.0,30.8,0.0,1,0,1,0,0
70.902,0,-6,-0.10000000000002274,2169,5.5,41.0,30.6,0.0,1,0,1,0,0
71.099,0,-6,-0.10000000000002274,2169,5.2,41.0,30.6,0.0,1,0,1,0,0
71.154,0,-6,-0.10000000000002274,2169,5.3,41.3,30.8,0.0,1,0,1,0,0
71.347,0,-6,-0.10000000000002274,2169,4.8,41.3,30.8,0.0,1,0,1,0,0
71.543,0,-6,-0.10000000000002274,2169,5.0,41.1,30.6,0.0,1,0,1,0,0
71.599,0,-6,-0.10000000000002274,2169,5.2,41.0,30.6,0.0,1,0,1,0,0
71.795,0,-6,-0.10000000000002274,2169,5.2,41.0,30.6,0.0,1,0,1,0,0
71.85,0,-6,-0.10000000000002274,2169,5.0,41.0,30.6,0.0,1,0,1,0,0
72.046,0,-6,-0.10000000000002274,2169,5.0,41.0,30.6,0.0,1,0,1,0,0
72.102,0,-6,-0.10000000000002274,2169,5.0,41.0,30.6,0.0,1,0,1,0,0
72.242,0,-6,-0.10000000000002274,2169,5.0,41.0,30.6,0.0,1,0,1,0,0
72.297,0,-6,-0.10000000000002274,2169,5.1,40.9,30.5,0.0,1,0,1,0,0
72.374,0,-6,-0.10000000000002274,2169,5.1,40.9,30.5,0.0,1,0,1,0,0
72.512,0,-6,-0.10000000000002274,2169,5.1,40.9,30.5,0.0,1,0,1,0,0
72.57,0,-6,-0.10000000000002274,2169,5.1,40.9,30.5,0.0,1,0,1,0,0
72.791,0,-6,-0.10000000000002274,2169,5.1,40.9,30.5,0.0,1,0,1,0,0
72.849,0,-6,-0.10000000000002274,2169,4.9,40.7,30.8,0.0,1,0,1,0,0
73.042,0,-6,-0.10000000000002274,2169,4.9,40.7,30.8,0.0,1,0,1,0,0
73.1,0,-6,-0.10000000000002274,2169,4.7,40.9,30.9,0.0,1,0,1,0,0
73.294,0,-6,-0.10000000000002274,2169,4.7,40.9,30.9,0.0,1,0,1,0,0
73.349,0,-6,-0.10000000000002274,2169,4.7,40.9,30.9,0.0,1,0,1,0,0
73.49,0,-6,-0.10000000000002274,2169,4.7,40.9,30.9,0.0,1,0,1,0,0
73.545,0,-6,-0.10000000000002274,2169,4.7,40.9,30.9,0.0,1,0,1,0,0
73.6,0,-6,-0.10000000000002274,2169,4.9,40.7,30.8,0.0,1,0,1,0,0
73.765,0,-6,-0.10000000000002274,2169,4.9,40.7,30.8,0.0,1,0,1,0,0
73.821,0,-6,-0.10000000000002274,2169,4.9,40.7,30.8,0.0,1,0,1,0,0
74.044,0,-6,-0.10000000000002274,2169,4.6,40.7,30.8,0.0,1,0,1,0,0
74.099,0,-6,-0.10000000000002274,2169,4.6,40.7,30.8,0.0,1,0,1,0,0
74.295,0,-6,-0.10000000000002274,2169,5.4,40.6,30.5,0.0,1,0,1,0,0
74.546,0,-6,-0.10000000000002274,2169,4.5,40.6,30.4,0.0,1,0,1,0,0
74.739,0,-6,-0.10000000000002274,2169,4.7,40.6,30.4,0.0,1,0,1,0,0
74.794,0,-6,-0.10000000000002274,2169,4.3,40.6,30.5,0.0,1,0,1,0,0
74.991,0,-6,-0.10000000000002274,2169,4.3,40.6,30.4,0.0,1,0,1,0,0
75.046,0,-6,-0.10000000000002274,2169,4.8,40.6,30.4,0.0,1,0,1,0,0
75.242,0,-6,-0.10000000000002274,2169,4.4,40.5,30.4,0.0,1,0,1,0,0
75.298,0,-6,-0.10000000000002274,2169,4.4,40.5,30.4,0.0,1,0,1,0,0
75.439,0,-6,-0.10000000000002274,2169,4.4,40.5,30.4,0.0,1,0,1,0,0
75.494,0,-6,-0.10000000000002274,2169,4.2,40.5,30.4,0.0,1,0,1,0,0
75.713,0,-6,-0.10000000000002274,2169,4.2,40.5,30.4,0.0,1,0,1,0,0
75.769,0,-6,-0.10000000000002274,2169,4.5,40.5,30.3,0.0,1,0,1,0,0
75.907,0,-6,-0.10000000000002274,2169,4.4,40.5,30.3,0.0,1,0,1,0,0
75.99,0,-6,-0.10000000000002274,2169,4.3,40.4,30.3,0.0,1,0,1,0,0
76.237,0,-6,-0.10000000000002274,2169,4.3,40.3,30.3,0.0,1,0,1,0,0
76.295,0,-6,-0.10000000000002274,2169,4.3,40.3,30.3,0.0,1,0,1,0,0
76.489,0,-6,-0.10000000000002274,2169,4.1,40.3,30.3,0.0,1,0,1,0,0
76.544,0,-6,-0.10000000000002274,2169,3.9,40.4,30.3,0.0,1,0,1,0,0
76.741,0,-6,-0.10000000000002274,2169,4.1,40.3,30.3,0.0,1,0,1,0,0
76.937,0,-6,-0.10000000000002274,2169,4.7,40.3,30.3,0.0,1,0,1,0,0
76.992,0,-6,-0.10000000000002274,2169,3.8,40.3,30.3,0.0,1,0,1,0,0
77.188,0,-6,-0.10000000000002274,2169,4.1,40.3,30.3,0.0,1,0,1,0,0
77.243,0,-6,-0.10000000000002274,2169,4.3,40.3,30.3,0.0,1,0,1,0,0
77.457,0,-6,-0.10000000000002274,2169,3.8,40.4,30.3,0.0,1,0,1,0,0
77.737,0,-6,-0.10000000000002274,2169,4.2,40.3,30.3,0.0,1,0,1,0,0
77.792,0,-6,-0.10000000000002274,2169,4.1,40.4,30.3,0.0,1,0,1,0,0
77.985,0,-6,-0.10000000000002274,2169,3.9,40.4,30.4,0.0,1,0,1,0,0
78.236,0,-6,-0.10000000000002274,2169,3.9,40.4,30.5,0.0,1,0,1,0,0
78.432,0,-6,-0.10000000000002274,2169,4.1,40.4,30.5,0.0,1,0,1,0,0
78.488,0,-6,-0.10000000000002274,2169,4.4,40.4,30.3,0.0,1,0,1,0,0
78.684,0,-6,-0.10000000000002274,2169,4.1,40.4,30.4,0.0,1,0,1,0,0
78.739,0,-6,-0.10000000000002274,2169,4.0,40.3,30.3,0.0,1,0,1,0,0
78.956,0,-6,-0.10000000000002274,2169,3.7,40.3,30.3,0.0,1,0,1,0,0
79.011,0,-6,-0.10000000000002274,2169,3.6,40.4,30.3,0.0,1,0,1,0,0
79.235,0,-6,-0.10000000000002274,2169,3.7,40.5,30.3,0.0,1,0,1,0,0
79.29,0,-6,-0.10000000000002274,2169,3.7,40.5,30.3,0.0,1,0,1,0,0
79.486,0,-6,-0.10000000000002274,2169,3.8,40.5,30.3,0.0,1,0,1,0,0
79.735,0,-6,-0.10000000000002274,2169,4.4,40.7,30.1,0.0,1,0,1,0,0
79.936,0,-6,-0.10000000000002274,2169,3.6,40.7,30.1,0.0,1,0,1,0,0
79.992,0,-6,-0.10000000000002274,2169,3.6,40.7,30.1,0.0,1,0,1,0,0
80.133,0,-6,-0.10000000000002274,2169,4.0,40.7,30.1,0.0,1,0,1,0,0
80.188,0,-6,-0.10000000000002274,2169,4.0,40.7,30.1,0.0,1,0,1,0,0
80.329,0,-6,-0.10000000000002274,2169,3.7,40.9,30.1,0.0,1,0,1,0,0
80.384,0,-6,-0.10000000000002274,2169,3.9,40.9,30.1,0.0,1,0,1,0,0
80.635,0,-6,-0.10000000000002274,2169,3.9,40.6,30.1,0.0,1,0,1,0,0
80.829,0,-6,-0.10000000000002274,2169,3.9,40.6,30.1,0.0,1,0,1,0,0
80.899,0,-6,-0.10000000000002274,2169,3.7,40.5,30.1,0.0,1,0,1,0,0
81.095,0,-6,-0.10000000000002274,2169,4.5,39.9,30.1,0.0,1,0,1,0,0
81.179,0,-6,-0.10000000000002274,2169,4.5,39.9,30.1,0.0,1,0,1,0,0
81.236,0,-6,-0.10000000000002274,2169,3.6,39.7,30.1,0.0,1,0,1,0,0
81.43,0,-6,-0.10000000000002274,2169,3.4,39.7,30.1,0.0,1,0,1,0,0
81.681,0,-6,-0.10000000000002274,2169,3.7,39.7,30.1,0.0,1,0,1,0,0
81.877,0,-6,-0.10000000000002274,2169,4.0,39.7,30.3,0.0,1,0,1,0,0
81.932,0,-6,-0.10000000000002274,2169,3.7,39.7,30.1,0.0,1,0,1,0,0
82.129,0,-6,-0.10000000000002274,2169,3.6,39.7,30.1,0.0,1,0,1,0,0
82.192,0,-6,-0.10000000000002274,2169,3.6,39.7,30.1,0.0,1,0,1,0,0
82.402,0,-6,-0.10000000000002274,2169,3.3,39.7,30.3,0.0,1,0,1,0,0
82.681,0,-6,-0.10000000000002274,2169,3.1,40.3,30.1,0.0,1,0,1,0,0
82.874,0,-6,-0.10000000000002274,2169,3.7,40.3,30.1,0.0,1,0,1,0,0
82.932,0,-6,-0.10000000000002274,2169,3.8,40.3,30.1,0.0,1,0,1,0,0
83.126,0,-6,-0.10000000000002274,2169,3.4,40.3,30.1,0.0,1,0,1,0,0
83.181,0,-6,-0.10000000000002274,2169,3.8,40.4,30.1,0.0,1,0,1,0,0
83.373,0,-6,-0.10000000000002274,2169,2.9,40.3,30.1,0.0,1,0,1,0,0
83.429,0,-6,-0.10000000000002274,2169,2.9,40.3,30.1,0.0,1,0,1,0,0
83.625,0,-6,-0.10000000000002274,2169,3.7,40.3,30.1,0.0,1,0,1,0,0
83.68,0,-6,-0.10000000000002274,2169,3.2,40.1,30.1,0.0,1,0,1,0,0
83.876,0,-6,-0.10000000000002274,2169,3.2,40.3,30.0,0.0,1,0,1,0,0
83.932,0,-6,-0.10000000000002274,2169,3.2,40.3,30.0,0.0,1,0,1,0,0
84.072,0,-6,-0.10000000000002274,2169,3.2,40.3,30.0,0.0,1,0,1,0,0
84.128,0,-6,-0.10000000000002274,2169,3.3,40.1,30.0,0.0,1,0,1,0,0
84.379,0,-6,-0.10000000000002274,2169,3.0,40.3,30.0,0.0,1,0,1,0,0
84.643,0,-6,-0.10000000000002274,2169,3.6,40.1,29.9,0.0,1,0,1,0,0
84.979,0,-6,-0.10000000000002274,2169,3.4,40.1,29.8,0.0,1,0,1,0,0
85.424,0,-6,-0.10000000000002274,2169,3.4,40.0,29.8,0.0,1,0,1,0,0
85.698,0,-6,-0.10000000000002274,2169,3.3,40.1,29.8,0.0,1,0,1,0,0
85.977,0,-6,-0.10000000000002274,2169,2.8,40.0,29.8,0.0,1,0,1,0,0
86.676,0,-6,-0.10000000000002274,2169,3.5,39.8,29.8,0.0,1,0,1,0,0
87.177,0,-6,-0.10000000000002274,2169,3.1,39.9,29.9,0.0,1,0,1,0,0
87.318,0,-6,-0.10000000000002274,2169,3.1,39.9,29.9,0.0,1,0,1,0,0
87.373,0,-6,-0.10000000000002274,2169,3.3,39.9,29.9,0.0,1,0,1,0,0
87.569,0,-6,-0.10000000000002274,2169,3.0,39.7,29.9,0.0,1,0,1,0,0
87.624,0,-6,-0.10000000000002274,2169,3.2,39.8,29.9,0.0,1,0,1,0,0
87.82,0,-6,-0.10000000000002274,2169,3.0,39.8,29.9,0.0,1,0,1,0,0
88.021,0,-6,-0.10000000000002274,2169,2.9,39.8,29.8,0.0,1,0,1,0,0
